attempt_id,student_id,exercise_id,concept_code,secondary_concept_code,occurred_at,is_correct,skipped,used_hint,attempt_number,difficulty,response_time_ms,days_since_last_practice,prerequisite_mastery,latent_ability,probability_correct,misconception_code,data_notice
attempt-0001,student-01,ex-02-02,PYTHON_OPERATORS,,2026-06-01T09:23:57.176733+00:00,1,0,1,1,0.352,260000,2.197,0.907,0.873,0.889,,SYNTHETIC DATA — NOT REAL EDUONE DATA
attempt-0002,student-02,ex-06-01,PYTHON_WHILE,,2026-06-01T12:18:08.743679+00:00,1,0,0,1,0.221,20771,2.363,0.968,0.892,0.9109,,SYNTHETIC DATA — NOT REAL EDUONE DATA
attempt-0003,student-03,ex-01-01,PYTHON_VARIABLES,,2026-06-01T14:40:29.091871+00:00,0,0,0,1,0.244,31694,0.801,0.575,0.642,0.8369,,SYNTHETIC DATA — NOT REAL EDUONE DATA
attempt-0004,student-04,ex-03-04,PYTHON_IF_ELSE,,2026-06-01T19:01:36.292504+00:00,0,0,0,1,0.557,15813,2.139,0.661,0.707,0.641,,SYNTHETIC DATA — NOT REAL EDUONE DATA
attempt-0005,student-05,ex-03-04,PYTHON_IF_ELSE,,2026-06-01T21:24:44.598095+00:00,0,0,0,1,0.557,10006,4.138,0.384,0.541,0.4388,IF_INDENTATION_ERROR,SYNTHETIC DATA — NOT REAL EDUONE DATA
attempt-0006,student-06,ex-02-04,PYTHON_OPERATORS,,2026-06-02T01:39:33.345251+00:00,1,0,1,1,0.552,9247,4.014,0.718,0.856,0.7012,,SYNTHETIC DATA — NOT REAL EDUONE DATA
attempt-0007,student-07,ex-08-04,PYTHON_FUNCTIONS,,2026-06-02T03:40:30.897871+00:00,0,0,0,1,0.571,32346,4.496,0.329,0.38,0.2064,,SYNTHETIC DATA — NOT REAL EDUONE DATA
attempt-0008,student-08,ex-01-03,PYTHON_VARIABLES,,2026-06-02T07:21:05.444391+00:00,1,0,0,1,0.434,45911,24.901,0.528,0.664,0.6156,,SYNTHETIC DATA — NOT REAL EDUONE DATA
attempt-0009,student-10,ex-07-03,PYTHON_LISTS,,2026-06-02T10:27:51.987007+00:00,1,0,0,1,0.42,10847,0.915,0.902,0.821,0.76,,SYNTHETIC DATA — NOT REAL EDUONE DATA
attempt-0010,student-10,ex-08-04,PYTHON_FUNCTIONS,,2026-06-02T14:46:12.520515+00:00,1,0,0,1,0.571,15437,0.163,0.59,0.755,0.6419,,SYNTHETIC DATA — NOT REAL EDUONE DATA
attempt-0011,student-11,ex-06-05,PYTHON_WHILE,,2026-06-02T16:49:02.037785+00:00,0,0,0,1,0.641,20571,3.035,0.998,0.96,0.589,WHILE_VARIABLE_NOT_UPDATED,SYNTHETIC DATA — NOT REAL EDUONE DATA
attempt-0012,student-12,ex-05-03,PYTHON_RANGE,,2026-06-02T21:01:11.473425+00:00,1,0,0,1,0.427,56127,3.316,0.827,0.821,0.8544,,SYNTHETIC DATA — NOT REAL EDUONE DATA
attempt-0013,student-13,ex-04-06,PYTHON_FOR,PYTHON_IF_ELSE,2026-06-02T22:33:19.771057+00:00,1,0,1,1,0.791,30834,0.731,0.797,0.686,0.4938,,SYNTHETIC DATA — NOT REAL EDUONE DATA
attempt-0014,student-14,ex-04-04,PYTHON_FOR,,2026-06-03T02:38:18.467450+00:00,0,0,0,1,0.533,34142,4.767,0.769,0.761,0.7575,FOR_ITERATION_COUNT,SYNTHETIC DATA — NOT REAL EDUONE DATA
attempt-0015,student-15,ex-01-03,PYTHON_VARIABLES,,2026-06-03T04:52:34.773610+00:00,1,0,0,1,0.434,9648,0.431,0.206,0.26,0.4226,,SYNTHETIC DATA — NOT REAL EDUONE DATA
attempt-0016,student-16,ex-03-05,PYTHON_IF_ELSE,,2026-06-03T08:56:19.857487+00:00,0,0,1,1,0.674,16853,0.72,0.594,0.587,0.7266,IF_INDENTATION_ERROR,SYNTHETIC DATA — NOT REAL EDUONE DATA
attempt-0017,student-17,ex-05-06,PYTHON_RANGE,PYTHON_FOR,2026-06-03T12:25:04.674516+00:00,0,0,0,1,0.766,35103,2.631,0.576,0.662,0.4324,RANGE_STOP_INCLUDED,SYNTHETIC DATA — NOT REAL EDUONE DATA
attempt-0018,student-18,ex-05-04,PYTHON_RANGE,,2026-06-03T14:36:13.343942+00:00,1,0,0,1,0.56,17550,4.658,0.672,0.639,0.552,,SYNTHETIC DATA — NOT REAL EDUONE DATA
attempt-0019,student-19,ex-03-05,PYTHON_IF_ELSE,,2026-06-03T18:30:45.326612+00:00,0,1,0,1,0.674,17202,2.011,0.576,0.716,0.6601,,SYNTHETIC DATA — NOT REAL EDUONE DATA
attempt-0020,student-20,ex-04-04,PYTHON_FOR,,2026-06-03T22:19:53.259325+00:00,1,0,0,1,0.533,57196,1.647,0.73,0.879,0.741,,SYNTHETIC DATA — NOT REAL EDUONE DATA
attempt-0021,student-01,ex-08-05,PYTHON_FUNCTIONS,,2026-06-04T01:08:04.875909+00:00,1,0,0,1,0.658,25925,1.054,0.778,0.888,0.6259,,SYNTHETIC DATA — NOT REAL EDUONE DATA
attempt-0022,student-02,ex-03-03,PYTHON_IF_ELSE,,2026-06-04T04:43:17.541822+00:00,1,0,1,1,0.421,54686,3.906,0.936,0.88,0.7637,,SYNTHETIC DATA — NOT REAL EDUONE DATA
attempt-0023,student-03,ex-03-05,PYTHON_IF_ELSE,,2026-06-04T07:09:04.235438+00:00,1,0,0,1,0.674,27383,4.644,0.685,0.657,0.6742,,SYNTHETIC DATA — NOT REAL EDUONE DATA
attempt-0024,student-04,ex-02-02,PYTHON_OPERATORS,,2026-06-04T10:03:04.627230+00:00,1,0,0,1,0.352,57301,2.754,0.618,0.795,0.8251,,SYNTHETIC DATA — NOT REAL EDUONE DATA
attempt-0025,student-05,ex-06-06,PYTHON_WHILE,PYTHON_RANGE,2026-06-04T14:28:44.844807+00:00,0,0,0,1,0.752,23301,4.441,0.549,0.529,0.41,WHILE_VARIABLE_NOT_UPDATED,SYNTHETIC DATA — NOT REAL EDUONE DATA
attempt-0026,student-06,ex-05-01,PYTHON_RANGE,,2026-06-04T17:22:14.472963+00:00,1,0,1,1,0.219,13098,0.977,0.525,0.699,0.9067,,SYNTHETIC DATA — NOT REAL EDUONE DATA
attempt-0027,student-07,ex-01-01,PYTHON_VARIABLES,,2026-06-04T20:48:02.170866+00:00,1,0,0,1,0.244,16127,3.272,0.419,0.479,0.7527,,SYNTHETIC DATA — NOT REAL EDUONE DATA
attempt-0028,student-08,ex-08-05,PYTHON_FUNCTIONS,,2026-06-05T00:00:48.941995+00:00,1,0,0,1,0.658,13488,16.165,0.641,0.815,0.5813,,SYNTHETIC DATA — NOT REAL EDUONE DATA
attempt-0029,student-10,ex-01-03,PYTHON_VARIABLES,,2026-06-05T03:21:56.400800+00:00,1,0,0,1,0.434,18356,3.776,0.701,0.731,0.7711,,SYNTHETIC DATA — NOT REAL EDUONE DATA
attempt-0030,student-10,ex-07-02,PYTHON_LISTS,,2026-06-05T05:30:16.136602+00:00,1,0,0,2,0.309,12575,0.419,0.891,0.821,0.7727,,SYNTHETIC DATA — NOT REAL EDUONE DATA
attempt-0031,student-11,ex-03-02,PYTHON_IF_ELSE,,2026-06-05T09:31:35.699189+00:00,0,0,0,1,0.337,52229,3.096,0.89,0.789,0.9299,,SYNTHETIC DATA — NOT REAL EDUONE DATA
attempt-0032,student-12,ex-02-03,PYTHON_OPERATORS,,2026-06-05T12:29:10.762259+00:00,1,0,0,1,0.462,63515,1.978,0.814,0.759,0.82,,SYNTHETIC DATA — NOT REAL EDUONE DATA
attempt-0033,student-13,ex-07-04,PYTHON_LISTS,,2026-06-05T15:51:04.627854+00:00,1,0,0,1,0.536,29203,4.319,0.709,0.828,0.7698,,SYNTHETIC DATA — NOT REAL EDUONE DATA
attempt-0034,student-14,ex-05-02,PYTHON_RANGE,,2026-06-05T18:23:54.287829+00:00,1,0,0,1,0.324,11252,3.666,0.874,0.776,0.8992,,SYNTHETIC DATA — NOT REAL EDUONE DATA
attempt-0035,student-15,ex-02-04,PYTHON_OPERATORS,,2026-06-05T21:55:09.043118+00:00,0,0,0,1,0.552,25171,3.965,0.332,0.26,0.1976,BOOLEAN_LOGIC_CONFUSION,SYNTHETIC DATA — NOT REAL EDUONE DATA
attempt-0036,student-16,ex-06-02,PYTHON_WHILE,,2026-06-06T00:05:39.741130+00:00,0,0,1,1,0.331,15682,3.213,0.598,0.532,0.5938,WHILE_VARIABLE_NOT_UPDATED,SYNTHETIC DATA — NOT REAL EDUONE DATA
attempt-0037,student-17,ex-06-03,PYTHON_WHILE,,2026-06-06T03:31:42.202824+00:00,1,0,0,1,0.448,14796,4.142,0.819,0.885,0.9872,,SYNTHETIC DATA — NOT REAL EDUONE DATA
attempt-0038,student-18,ex-04-05,PYTHON_FOR,,2026-06-06T08:00:04.556947+00:00,0,0,0,1,0.637,32529,4.768,0.961,0.873,0.7483,,SYNTHETIC DATA — NOT REAL EDUONE DATA
attempt-0039,student-20,ex-01-02,PYTHON_VARIABLES,,2026-06-06T10:40:50.715608+00:00,1,0,0,1,0.308,27218,2.761,0.731,0.783,0.8531,,SYNTHETIC DATA — NOT REAL EDUONE DATA
attempt-0040,student-20,ex-08-04,PYTHON_FUNCTIONS,,2026-06-06T13:49:29.706290+00:00,0,0,0,1,0.571,56588,1.891,0.607,0.786,0.6964,,SYNTHETIC DATA — NOT REAL EDUONE DATA
attempt-0041,student-01,ex-07-06,PYTHON_LISTS,PYTHON_WHILE,2026-06-06T16:52:30.282973+00:00,0,0,0,1,0.783,36052,1.925,0.928,0.847,0.5516,,SYNTHETIC DATA — NOT REAL EDUONE DATA
attempt-0042,student-02,ex-07-06,PYTHON_LISTS,PYTHON_WHILE,2026-06-06T20:32:36.366203+00:00,0,0,0,1,0.783,52907,2.495,0.771,0.824,0.8021,,SYNTHETIC DATA — NOT REAL EDUONE DATA
attempt-0043,student-03,ex-02-05,PYTHON_OPERATORS,,2026-06-06T23:22:57.417144+00:00,0,0,0,1,0.681,16186,4.424,0.334,0.433,0.1747,,SYNTHETIC DATA — NOT REAL EDUONE DATA
attempt-0044,student-04,ex-06-03,PYTHON_WHILE,,2026-06-07T01:53:19.442367+00:00,0,0,0,1,0.448,12708,1.527,0.252,0.2,0.4515,,SYNTHETIC DATA — NOT REAL EDUONE DATA
attempt-0045,student-05,ex-01-05,PYTHON_VARIABLES,,2026-06-07T05:50:03.831737+00:00,0,0,1,1,0.664,37981,1.881,0.361,0.26,0.2328,VARIABLE_UPDATE_ORDER,SYNTHETIC DATA — NOT REAL EDUONE DATA
attempt-0046,student-06,ex-05-06,PYTHON_RANGE,PYTHON_FOR,2026-06-07T09:36:09.096059+00:00,1,0,1,2,0.766,17960,3.466,0.81,0.699,0.4322,,SYNTHETIC DATA — NOT REAL EDUONE DATA
attempt-0047,student-07,ex-04-01,PYTHON_FOR,,2026-06-07T11:51:18.365532+00:00,0,1,0,1,0.218,37347,1.649,0.645,0.607,0.8506,,SYNTHETIC DATA — NOT REAL EDUONE DATA
attempt-0048,student-08,ex-02-03,PYTHON_OPERATORS,,2026-06-07T14:59:43.343778+00:00,0,0,0,1,0.462,29259,27.709,0.676,0.774,0.6376,,SYNTHETIC DATA — NOT REAL EDUONE DATA
attempt-0049,student-09,ex-07-05,PYTHON_LISTS,,2026-06-07T19:20:10.183954+00:00,1,0,1,1,0.666,12081,3.747,0.553,0.563,0.4875,,SYNTHETIC DATA — NOT REAL EDUONE DATA
attempt-0050,student-10,ex-04-05,PYTHON_FOR,,2026-06-07T22:29:02.062397+00:00,1,0,1,1,0.637,28964,3.079,0.826,0.734,0.7008,,SYNTHETIC DATA — NOT REAL EDUONE DATA
attempt-0051,student-11,ex-08-03,PYTHON_FUNCTIONS,,2026-06-08T01:40:20.328333+00:00,1,0,0,1,0.442,74298,3.874,0.886,0.96,0.7755,,SYNTHETIC DATA — NOT REAL EDUONE DATA
attempt-0052,student-12,ex-04-04,PYTHON_FOR,,2026-06-08T05:04:19.090111+00:00,1,0,0,1,0.533,81607,4.696,0.874,0.898,0.7769,,SYNTHETIC DATA — NOT REAL EDUONE DATA
attempt-0053,student-13,ex-05-04,PYTHON_RANGE,,2026-06-08T08:00:31.746449+00:00,0,0,0,1,0.56,20355,1.865,0.267,0.24,0.2148,RANGE_STOP_INCLUDED,SYNTHETIC DATA — NOT REAL EDUONE DATA
attempt-0054,student-14,ex-07-05,PYTHON_LISTS,,2026-06-08T10:53:25.865426+00:00,1,0,0,1,0.666,22166,1.531,0.503,0.61,0.643,,SYNTHETIC DATA — NOT REAL EDUONE DATA
attempt-0055,student-15,ex-04-06,PYTHON_FOR,PYTHON_IF_ELSE,2026-06-08T13:15:16.432096+00:00,0,0,0,1,0.791,24435,4.266,0.519,0.6,0.438,,SYNTHETIC DATA — NOT REAL EDUONE DATA
attempt-0056,student-16,ex-02-05,PYTHON_OPERATORS,,2026-06-08T17:55:09.287336+00:00,0,0,1,1,0.681,82337,1.937,0.471,0.576,0.3654,,SYNTHETIC DATA — NOT REAL EDUONE DATA
attempt-0057,student-17,ex-08-02,PYTHON_FUNCTIONS,,2026-06-08T20:44:33.426569+00:00,1,0,1,1,0.326,22056,1.02,0.477,0.639,0.8357,,SYNTHETIC DATA — NOT REAL EDUONE DATA
attempt-0058,student-18,ex-05-02,PYTHON_RANGE,,2026-06-09T00:00:45.111781+00:00,1,0,0,2,0.324,13213,0.868,0.644,0.639,0.7392,,SYNTHETIC DATA — NOT REAL EDUONE DATA
attempt-0059,student-20,ex-04-03,PYTHON_FOR,,2026-06-09T02:29:51.786346+00:00,1,0,0,2,0.427,43924,2.023,0.993,0.879,0.8299,,SYNTHETIC DATA — NOT REAL EDUONE DATA
attempt-0060,student-20,ex-01-05,PYTHON_VARIABLES,,2026-06-09T05:48:20.280041+00:00,1,0,0,2,0.664,92711,4.49,0.696,0.783,0.6816,,SYNTHETIC DATA — NOT REAL EDUONE DATA
attempt-0061,student-01,ex-04-03,PYTHON_FOR,,2026-06-09T09:16:46.365226+00:00,1,0,0,1,0.427,23572,3.082,0.763,0.817,0.8977,,SYNTHETIC DATA — NOT REAL EDUONE DATA
attempt-0062,student-02,ex-05-06,PYTHON_RANGE,PYTHON_FOR,2026-06-09T11:15:17.256394+00:00,1,0,0,1,0.766,53596,4.924,0.777,0.729,0.5293,,SYNTHETIC DATA — NOT REAL EDUONE DATA
attempt-0063,student-03,ex-04-06,PYTHON_FOR,PYTHON_IF_ELSE,2026-06-09T15:54:30.472437+00:00,1,0,0,1,0.791,23612,0.546,0.571,0.619,0.4666,,SYNTHETIC DATA — NOT REAL EDUONE DATA
attempt-0064,student-04,ex-03-05,PYTHON_IF_ELSE,,2026-06-09T19:23:52.238025+00:00,1,0,0,2,0.674,16951,0.737,0.536,0.707,0.6648,,SYNTHETIC DATA — NOT REAL EDUONE DATA
attempt-0065,student-05,ex-08-02,PYTHON_FUNCTIONS,,2026-06-09T21:42:00.671418+00:00,0,0,1,1,0.326,15909,3.721,0.252,0.329,0.39,,SYNTHETIC DATA — NOT REAL EDUONE DATA
attempt-0066,student-06,ex-04-02,PYTHON_FOR,,2026-06-10T00:51:49.073657+00:00,1,0,1,1,0.35,11375,4.543,0.762,0.836,0.8419,,SYNTHETIC DATA — NOT REAL EDUONE DATA
attempt-0067,student-07,ex-05-02,PYTHON_RANGE,,2026-06-10T04:07:55.125462+00:00,1,0,0,1,0.324,14127,2.619,0.255,0.379,0.462,,SYNTHETIC DATA — NOT REAL EDUONE DATA
attempt-0068,student-08,ex-01-06,PYTHON_VARIABLES,PYTHON_VARIABLES,2026-06-10T07:45:36.103202+00:00,0,0,0,2,0.782,27412,4.376,0.564,0.664,0.3381,VARIABLE_UPDATE_ORDER,SYNTHETIC DATA — NOT REAL EDUONE DATA
attempt-0069,student-10,ex-08-04,PYTHON_FUNCTIONS,,2026-06-10T10:54:07.170621+00:00,1,0,1,2,0.571,19413,3.141,0.634,0.755,0.6571,,SYNTHETIC DATA — NOT REAL EDUONE DATA
attempt-0070,student-10,ex-04-04,PYTHON_FOR,,2026-06-10T13:54:18.150214+00:00,0,0,0,2,0.533,8658,0.549,0.737,0.734,0.65,,SYNTHETIC DATA — NOT REAL EDUONE DATA
attempt-0071,student-11,ex-05-02,PYTHON_RANGE,,2026-06-10T17:53:10.678524+00:00,1,0,0,1,0.324,36563,2.749,0.924,0.862,0.8861,,SYNTHETIC DATA — NOT REAL EDUONE DATA
attempt-0072,student-12,ex-04-06,PYTHON_FOR,PYTHON_IF_ELSE,2026-06-10T20:50:47.613962+00:00,0,0,0,2,0.791,43424,2.854,0.747,0.898,0.6501,FOR_ITERATION_COUNT,SYNTHETIC DATA — NOT REAL EDUONE DATA
attempt-0073,student-13,ex-06-06,PYTHON_WHILE,PYTHON_RANGE,2026-06-10T22:57:06.761642+00:00,1,0,0,1,0.752,26203,4.513,0.602,0.745,0.4935,,SYNTHETIC DATA — NOT REAL EDUONE DATA
attempt-0074,student-14,ex-06-05,PYTHON_WHILE,,2026-06-11T01:51:11.617991+00:00,0,0,0,1,0.641,30210,4.77,0.1,0.2,0.2098,,SYNTHETIC DATA — NOT REAL EDUONE DATA
attempt-0075,student-15,ex-07-03,PYTHON_LISTS,,2026-06-11T05:13:55.388491+00:00,0,0,0,1,0.42,55254,3.752,0.662,0.628,0.6349,LIST_INDEX_STARTS_AT_ONE,SYNTHETIC DATA — NOT REAL EDUONE DATA
attempt-0076,student-16,ex-05-03,PYTHON_RANGE,,2026-06-11T08:19:23.964420+00:00,1,0,0,1,0.427,16008,2.894,0.328,0.371,0.2908,,SYNTHETIC DATA — NOT REAL EDUONE DATA
attempt-0077,student-17,ex-06-01,PYTHON_WHILE,,2026-06-11T13:11:45.844916+00:00,1,0,0,2,0.221,32261,4.447,0.889,0.885,0.8695,,SYNTHETIC DATA — NOT REAL EDUONE DATA
attempt-0078,student-18,ex-01-03,PYTHON_VARIABLES,,2026-06-11T15:58:02.542942+00:00,0,0,1,1,0.434,32738,21.6,0.724,0.657,0.5922,VARIABLE_UPDATE_ORDER,SYNTHETIC DATA — NOT REAL EDUONE DATA
attempt-0079,student-19,ex-01-02,PYTHON_VARIABLES,,2026-06-11T19:35:09.484305+00:00,1,0,1,1,0.308,7573,0.143,0.936,0.884,0.9021,,SYNTHETIC DATA — NOT REAL EDUONE DATA
attempt-0080,student-20,ex-05-04,PYTHON_RANGE,,2026-06-11T21:52:41.917904+00:00,0,0,0,1,0.56,85472,2.92,0.972,0.874,0.7853,,SYNTHETIC DATA — NOT REAL EDUONE DATA
attempt-0081,student-01,ex-06-03,PYTHON_WHILE,,2026-06-12T00:14:15.573732+00:00,1,0,0,1,0.448,21204,2.528,0.638,0.81,0.7153,,SYNTHETIC DATA — NOT REAL EDUONE DATA
attempt-0082,student-02,ex-02-03,PYTHON_OPERATORS,,2026-06-12T04:07:27.682261+00:00,1,0,0,1,0.462,27590,1.949,1.0,0.916,0.8552,,SYNTHETIC DATA — NOT REAL EDUONE DATA
attempt-0083,student-03,ex-08-05,PYTHON_FUNCTIONS,,2026-06-12T07:42:06.957471+00:00,1,0,1,1,0.658,75029,1.668,0.416,0.58,0.4582,,SYNTHETIC DATA — NOT REAL EDUONE DATA
attempt-0084,student-04,ex-03-01,PYTHON_IF_ELSE,,2026-06-12T10:34:54.772419+00:00,1,0,0,3,0.217,27494,2.135,0.582,0.707,0.8933,,SYNTHETIC DATA — NOT REAL EDUONE DATA
attempt-0085,student-05,ex-08-03,PYTHON_FUNCTIONS,,2026-06-12T13:50:06.212847+00:00,1,0,0,2,0.442,7603,4.643,0.239,0.329,0.3627,,SYNTHETIC DATA — NOT REAL EDUONE DATA
attempt-0086,student-06,ex-08-03,PYTHON_FUNCTIONS,,2026-06-12T16:37:19.847235+00:00,0,1,1,1,0.442,13899,0.531,0.963,0.885,0.861,,SYNTHETIC DATA — NOT REAL EDUONE DATA
attempt-0087,student-07,ex-08-01,PYTHON_FUNCTIONS,,2026-06-12T20:31:06.390131+00:00,0,0,0,2,0.229,27777,3.662,0.293,0.38,0.5475,,SYNTHETIC DATA — NOT REAL EDUONE DATA
attempt-0088,student-08,ex-03-02,PYTHON_IF_ELSE,,2026-06-13T00:12:28.518990+00:00,0,0,0,1,0.337,19176,12.312,0.604,0.759,0.6989,IF_INDENTATION_ERROR,SYNTHETIC DATA — NOT REAL EDUONE DATA
attempt-0089,student-10,ex-05-05,PYTHON_RANGE,,2026-06-13T01:52:00.467396+00:00,0,0,0,1,0.653,13762,4.502,0.625,0.638,0.6203,RANGE_STOP_INCLUDED,SYNTHETIC DATA — NOT REAL EDUONE DATA
attempt-0090,student-10,ex-03-03,PYTHON_IF_ELSE,,2026-06-13T06:18:45.376715+00:00,1,0,0,1,0.421,21357,4.909,0.714,0.793,0.8637,,SYNTHETIC DATA — NOT REAL EDUONE DATA
attempt-0091,student-11,ex-03-04,PYTHON_IF_ELSE,,2026-06-13T09:05:34.592676+00:00,1,0,0,2,0.557,35479,1.563,0.622,0.789,0.7165,,SYNTHETIC DATA — NOT REAL EDUONE DATA
attempt-0092,student-12,ex-08-04,PYTHON_FUNCTIONS,,2026-06-13T11:47:46.747786+00:00,0,0,0,1,0.571,29824,1.7,0.9,0.795,0.5573,,SYNTHETIC DATA — NOT REAL EDUONE DATA
attempt-0093,student-13,ex-03-02,PYTHON_IF_ELSE,,2026-06-13T16:03:34.725178+00:00,1,0,0,1,0.337,21000,4.834,0.516,0.688,0.4571,,SYNTHETIC DATA — NOT REAL EDUONE DATA
attempt-0094,student-14,ex-02-02,PYTHON_OPERATORS,,2026-06-13T17:52:33.252870+00:00,0,0,0,1,0.352,19948,4.323,0.841,0.76,0.8772,,SYNTHETIC DATA — NOT REAL EDUONE DATA
attempt-0095,student-15,ex-07-01,PYTHON_LISTS,,2026-06-13T21:41:41.558585+00:00,1,0,0,2,0.238,22387,0.297,0.465,0.628,0.7881,,SYNTHETIC DATA — NOT REAL EDUONE DATA
attempt-0096,student-16,ex-04-03,PYTHON_FOR,,2026-06-14T00:06:04.391914+00:00,1,0,1,1,0.427,32839,3.037,0.356,0.386,0.4151,,SYNTHETIC DATA — NOT REAL EDUONE DATA
attempt-0097,student-17,ex-03-06,PYTHON_IF_ELSE,PYTHON_OPERATORS,2026-06-14T04:05:02.054249+00:00,1,0,0,1,0.781,49903,0.497,0.745,0.864,0.618,,SYNTHETIC DATA — NOT REAL EDUONE DATA
attempt-0098,student-18,ex-02-06,PYTHON_OPERATORS,PYTHON_VARIABLES,2026-06-14T06:42:57.185462+00:00,0,0,0,1,0.78,450,23.44,0.722,0.685,0.2212,,SYNTHETIC DATA — NOT REAL EDUONE DATA
attempt-0099,student-20,ex-03-02,PYTHON_IF_ELSE,,2026-06-14T09:44:17.615862+00:00,1,0,0,1,0.337,42757,4.397,1.0,0.96,0.922,,SYNTHETIC DATA — NOT REAL EDUONE DATA
attempt-0100,student-20,ex-03-06,PYTHON_IF_ELSE,PYTHON_OPERATORS,2026-06-14T13:32:16.478998+00:00,1,0,1,2,0.781,34251,1.535,1.0,0.96,0.8108,,SYNTHETIC DATA — NOT REAL EDUONE DATA
attempt-0101,student-01,ex-03-05,PYTHON_IF_ELSE,,2026-06-14T16:08:14.343383+00:00,0,1,0,1,0.674,17029,1.919,0.791,0.848,0.6105,,SYNTHETIC DATA — NOT REAL EDUONE DATA
attempt-0102,student-02,ex-06-04,PYTHON_WHILE,,2026-06-14T19:58:24.935344+00:00,1,0,0,2,0.529,88727,4.436,0.818,0.892,0.8673,,SYNTHETIC DATA — NOT REAL EDUONE DATA
attempt-0103,student-03,ex-01-02,PYTHON_VARIABLES,,2026-06-14T23:48:06.525748+00:00,1,0,1,2,0.308,21770,4.178,0.73,0.642,0.882,,SYNTHETIC DATA — NOT REAL EDUONE DATA
attempt-0104,student-04,ex-05-03,PYTHON_RANGE,,2026-06-15T01:38:27.589053+00:00,1,0,0,1,0.427,41963,1.03,0.724,0.616,0.6478,,SYNTHETIC DATA — NOT REAL EDUONE DATA
attempt-0105,student-05,ex-04-04,PYTHON_FOR,,2026-06-15T05:45:02.893363+00:00,1,0,0,1,0.533,12955,0.674,0.37,0.499,0.5188,,SYNTHETIC DATA — NOT REAL EDUONE DATA
attempt-0106,student-06,ex-02-01,PYTHON_OPERATORS,,2026-06-15T08:08:27.808170+00:00,1,0,1,2,0.198,12953,3.242,0.9,0.856,0.9733,,SYNTHETIC DATA — NOT REAL EDUONE DATA
attempt-0107,student-07,ex-04-02,PYTHON_FOR,,2026-06-15T12:23:12.028003+00:00,1,0,1,2,0.35,24668,0.921,0.527,0.607,0.8957,,SYNTHETIC DATA — NOT REAL EDUONE DATA
attempt-0108,student-08,ex-06-04,PYTHON_WHILE,,2026-06-15T15:09:42.371008+00:00,1,0,0,1,0.529,49477,24.405,0.797,0.723,0.3955,,SYNTHETIC DATA — NOT REAL EDUONE DATA
attempt-0109,student-09,ex-02-01,PYTHON_OPERATORS,,2026-06-15T18:00:43.788866+00:00,0,0,0,1,0.198,15290,3.384,0.438,0.375,0.658,,SYNTHETIC DATA — NOT REAL EDUONE DATA
attempt-0110,student-10,ex-07-01,PYTHON_LISTS,,2026-06-15T21:08:33.961025+00:00,1,0,0,2,0.238,12609,1.538,0.704,0.821,0.7669,,SYNTHETIC DATA — NOT REAL EDUONE DATA
attempt-0111,student-11,ex-04-06,PYTHON_FOR,PYTHON_IF_ELSE,2026-06-16T01:02:47.034890+00:00,0,0,0,1,0.791,41410,0.889,0.854,0.96,0.4773,,SYNTHETIC DATA — NOT REAL EDUONE DATA
attempt-0112,student-12,ex-02-05,PYTHON_OPERATORS,,2026-06-16T04:48:41.030047+00:00,0,0,0,2,0.681,41317,1.512,0.688,0.759,0.602,BOOLEAN_LOGIC_CONFUSION,SYNTHETIC DATA — NOT REAL EDUONE DATA
attempt-0113,student-13,ex-08-05,PYTHON_FUNCTIONS,,2026-06-16T07:47:04.520438+00:00,1,0,1,1,0.658,19428,4.554,0.816,0.941,0.8228,,SYNTHETIC DATA — NOT REAL EDUONE DATA
attempt-0114,student-14,ex-08-03,PYTHON_FUNCTIONS,,2026-06-16T09:40:44.782688+00:00,0,0,0,1,0.442,260000,2.088,0.783,0.81,0.8111,,SYNTHETIC DATA — NOT REAL EDUONE DATA
attempt-0115,student-15,ex-05-05,PYTHON_RANGE,,2026-06-16T14:21:39.295032+00:00,0,0,1,1,0.653,24026,2.661,0.444,0.543,0.5643,RANGE_STOP_INCLUDED,SYNTHETIC DATA — NOT REAL EDUONE DATA
attempt-0116,student-16,ex-05-05,PYTHON_RANGE,,2026-06-16T16:07:54.649743+00:00,1,0,1,2,0.653,10333,0.417,0.332,0.371,0.4433,,SYNTHETIC DATA — NOT REAL EDUONE DATA
attempt-0117,student-17,ex-04-06,PYTHON_FOR,PYTHON_IF_ELSE,2026-06-16T20:01:19.819150+00:00,1,0,0,1,0.791,70559,3.269,0.718,0.826,0.4622,,SYNTHETIC DATA — NOT REAL EDUONE DATA
attempt-0118,student-18,ex-06-03,PYTHON_WHILE,,2026-06-16T23:23:40.426102+00:00,1,0,0,1,0.448,18786,25.871,0.855,0.846,0.6975,,SYNTHETIC DATA — NOT REAL EDUONE DATA
attempt-0119,student-20,ex-01-06,PYTHON_VARIABLES,PYTHON_VARIABLES,2026-06-17T02:45:45.084057+00:00,0,0,0,3,0.782,44036,2.438,0.687,0.783,0.4751,,SYNTHETIC DATA — NOT REAL EDUONE DATA
attempt-0120,student-20,ex-05-03,PYTHON_RANGE,,2026-06-17T06:23:02.910699+00:00,1,0,1,2,0.427,57266,1.06,0.933,0.874,0.8506,,SYNTHETIC DATA — NOT REAL EDUONE DATA
attempt-0121,student-01,ex-01-02,PYTHON_VARIABLES,,2026-06-17T09:28:34.750655+00:00,1,0,1,1,0.308,26286,4.495,0.769,0.687,0.7907,,SYNTHETIC DATA — NOT REAL EDUONE DATA
attempt-0122,student-02,ex-05-04,PYTHON_RANGE,,2026-06-17T12:49:14.045993+00:00,1,0,0,2,0.56,36782,3.276,0.817,0.729,0.8429,,SYNTHETIC DATA — NOT REAL EDUONE DATA
attempt-0123,student-03,ex-08-06,PYTHON_FUNCTIONS,PYTHON_LISTS,2026-06-17T14:24:26.198788+00:00,1,0,0,2,0.792,18592,4.314,0.646,0.58,0.4836,,SYNTHETIC DATA — NOT REAL EDUONE DATA
attempt-0124,student-04,ex-02-06,PYTHON_OPERATORS,PYTHON_VARIABLES,2026-06-17T18:55:54.340123+00:00,0,0,0,2,0.78,26867,1.648,0.681,0.795,0.6058,BOOLEAN_LOGIC_CONFUSION,SYNTHETIC DATA — NOT REAL EDUONE DATA
attempt-0125,student-05,ex-08-02,PYTHON_FUNCTIONS,,2026-06-17T21:35:23.981766+00:00,0,0,0,3,0.326,5814,4.822,0.391,0.329,0.4854,FUNCTION_RETURN_VS_PRINT,SYNTHETIC DATA — NOT REAL EDUONE DATA
attempt-0126,student-06,ex-04-06,PYTHON_FOR,PYTHON_IF_ELSE,2026-06-18T00:38:48.539943+00:00,1,0,1,2,0.791,16423,1.851,0.749,0.836,0.6153,,SYNTHETIC DATA — NOT REAL EDUONE DATA
attempt-0127,student-07,ex-03-02,PYTHON_IF_ELSE,,2026-06-18T03:14:56.346115+00:00,0,0,0,1,0.337,34904,1.598,0.557,0.469,0.7049,IF_INDENTATION_ERROR,SYNTHETIC DATA — NOT REAL EDUONE DATA
attempt-0128,student-08,ex-05-02,PYTHON_RANGE,,2026-06-18T07:20:49.355683+00:00,0,0,0,1,0.324,21317,1.16,0.635,0.69,0.6695,RANGE_STOP_INCLUDED,SYNTHETIC DATA — NOT REAL EDUONE DATA
attempt-0129,student-10,ex-04-03,PYTHON_FOR,,2026-06-18T09:56:01.896770+00:00,0,0,1,3,0.427,10407,0.392,0.765,0.734,0.8684,FOR_ITERATION_COUNT,SYNTHETIC DATA — NOT REAL EDUONE DATA
attempt-0130,student-10,ex-04-03,PYTHON_FOR,,2026-06-18T14:09:37.533412+00:00,1,0,0,4,0.427,10399,1.171,0.751,0.734,0.7439,,SYNTHETIC DATA — NOT REAL EDUONE DATA
attempt-0131,student-11,ex-06-02,PYTHON_WHILE,,2026-06-18T16:10:00.872703+00:00,1,0,1,1,0.331,28159,3.713,1.0,0.96,0.8314,,SYNTHETIC DATA — NOT REAL EDUONE DATA
attempt-0132,student-12,ex-06-04,PYTHON_WHILE,,2026-06-18T19:57:34.962997+00:00,1,0,0,1,0.529,35506,4.22,0.575,0.706,0.4512,,SYNTHETIC DATA — NOT REAL EDUONE DATA
attempt-0133,student-13,ex-01-05,PYTHON_VARIABLES,,2026-06-19T00:04:44.321679+00:00,1,0,0,1,0.664,33065,2.253,0.788,0.815,0.5915,,SYNTHETIC DATA — NOT REAL EDUONE DATA
attempt-0134,student-14,ex-03-02,PYTHON_IF_ELSE,,2026-06-19T02:18:45.918423+00:00,1,0,0,1,0.337,21930,2.27,0.791,0.758,0.8722,,SYNTHETIC DATA — NOT REAL EDUONE DATA
attempt-0135,student-15,ex-01-04,PYTHON_VARIABLES,,2026-06-19T05:06:32.627855+00:00,0,0,0,1,0.543,13816,4.498,0.323,0.26,0.378,VARIABLE_UPDATE_ORDER,SYNTHETIC DATA — NOT REAL EDUONE DATA
attempt-0136,student-16,ex-03-06,PYTHON_IF_ELSE,PYTHON_OPERATORS,2026-06-19T08:51:13.768856+00:00,0,1,1,1,0.781,75514,3.443,0.545,0.587,0.4739,,SYNTHETIC DATA — NOT REAL EDUONE DATA
attempt-0137,student-17,ex-03-04,PYTHON_IF_ELSE,,2026-06-19T12:18:30.294129+00:00,0,0,1,2,0.557,21503,0.953,0.81,0.864,0.7836,IF_INDENTATION_ERROR,SYNTHETIC DATA — NOT REAL EDUONE DATA
attempt-0138,student-18,ex-07-02,PYTHON_LISTS,,2026-06-19T15:53:36.337641+00:00,0,0,0,1,0.309,32603,3.498,0.566,0.643,0.8123,,SYNTHETIC DATA — NOT REAL EDUONE DATA
attempt-0139,student-19,ex-03-06,PYTHON_IF_ELSE,PYTHON_OPERATORS,2026-06-19T18:00:04.445258+00:00,0,1,0,1,0.781,8014,4.972,0.714,0.716,0.4029,,SYNTHETIC DATA — NOT REAL EDUONE DATA
attempt-0140,student-20,ex-01-04,PYTHON_VARIABLES,,2026-06-19T21:16:19.428172+00:00,1,0,0,3,0.543,30105,3.989,0.607,0.783,0.7034,,SYNTHETIC DATA — NOT REAL EDUONE DATA
attempt-0141,student-01,ex-04-01,PYTHON_FOR,,2026-06-20T01:56:06.899769+00:00,1,0,1,2,0.218,17968,2.988,0.67,0.817,0.9574,,SYNTHETIC DATA — NOT REAL EDUONE DATA
attempt-0142,student-02,ex-02-02,PYTHON_OPERATORS,,2026-06-20T03:47:08.258584+00:00,1,0,1,2,0.352,31086,1.069,0.792,0.916,0.956,,SYNTHETIC DATA — NOT REAL EDUONE DATA
attempt-0143,student-03,ex-03-01,PYTHON_IF_ELSE,,2026-06-20T06:47:36.281260+00:00,0,0,0,1,0.217,19315,3.978,0.586,0.657,0.8812,,SYNTHETIC DATA — NOT REAL EDUONE DATA
attempt-0144,student-04,ex-07-04,PYTHON_LISTS,,2026-06-20T11:33:42.932585+00:00,1,0,0,1,0.536,53115,2.073,0.767,0.82,0.8198,,SYNTHETIC DATA — NOT REAL EDUONE DATA
attempt-0145,student-05,ex-08-05,PYTHON_FUNCTIONS,,2026-06-20T13:58:09.048793+00:00,0,0,0,4,0.658,11078,2.546,0.277,0.329,0.2817,,SYNTHETIC DATA — NOT REAL EDUONE DATA
attempt-0146,student-06,ex-03-05,PYTHON_IF_ELSE,,2026-06-20T16:45:16.790489+00:00,0,0,1,1,0.674,12994,0.998,0.601,0.739,0.2667,IF_INDENTATION_ERROR,SYNTHETIC DATA — NOT REAL EDUONE DATA
attempt-0147,student-07,ex-08-02,PYTHON_FUNCTIONS,,2026-06-20T19:29:05.746578+00:00,1,0,0,2,0.326,26874,4.13,0.325,0.38,0.4192,,SYNTHETIC DATA — NOT REAL EDUONE DATA
attempt-0148,student-08,ex-02-04,PYTHON_OPERATORS,,2026-06-20T22:42:10.500125+00:00,0,0,0,2,0.552,35706,23.476,0.68,0.774,0.2665,BOOLEAN_LOGIC_CONFUSION,SYNTHETIC DATA — NOT REAL EDUONE DATA
attempt-0149,student-10,ex-08-02,PYTHON_FUNCTIONS,,2026-06-21T03:35:53.583717+00:00,1,0,1,2,0.326,7513,0.391,0.864,0.755,0.9238,,SYNTHETIC DATA — NOT REAL EDUONE DATA
attempt-0150,student-10,ex-05-06,PYTHON_RANGE,PYTHON_FOR,2026-06-21T06:13:13.649412+00:00,1,0,0,2,0.766,38937,3.868,0.701,0.638,0.5537,,SYNTHETIC DATA — NOT REAL EDUONE DATA
attempt-0151,student-11,ex-04-04,PYTHON_FOR,,2026-06-21T09:36:16.626942+00:00,1,0,0,2,0.533,48998,4.979,0.946,0.96,0.8464,,SYNTHETIC DATA — NOT REAL EDUONE DATA
attempt-0152,student-12,ex-05-02,PYTHON_RANGE,,2026-06-21T12:11:47.732294+00:00,1,0,0,1,0.324,20645,4.987,0.905,0.821,0.8229,,SYNTHETIC DATA — NOT REAL EDUONE DATA
attempt-0153,student-13,ex-06-01,PYTHON_WHILE,,2026-06-21T16:08:49.718413+00:00,1,0,1,2,0.221,10409,2.228,0.703,0.745,0.7047,,SYNTHETIC DATA — NOT REAL EDUONE DATA
attempt-0154,student-14,ex-02-01,PYTHON_OPERATORS,,2026-06-21T18:12:52.118546+00:00,1,0,0,2,0.198,23643,1.685,0.719,0.76,0.9259,,SYNTHETIC DATA — NOT REAL EDUONE DATA
attempt-0155,student-15,ex-03-06,PYTHON_IF_ELSE,PYTHON_OPERATORS,2026-06-21T22:15:22.494805+00:00,0,0,0,1,0.781,35244,2.195,0.747,0.702,0.3492,,SYNTHETIC DATA — NOT REAL EDUONE DATA
attempt-0156,student-16,ex-02-01,PYTHON_OPERATORS,,2026-06-22T01:23:31.833139+00:00,1,0,1,2,0.198,15573,4.979,0.508,0.576,0.7498,,SYNTHETIC DATA — NOT REAL EDUONE DATA
attempt-0157,student-17,ex-05-04,PYTHON_RANGE,,2026-06-22T04:54:34.167743+00:00,1,0,0,1,0.56,20372,4.929,0.495,0.662,0.5884,,SYNTHETIC DATA — NOT REAL EDUONE DATA
attempt-0158,student-18,ex-03-05,PYTHON_IF_ELSE,,2026-06-22T07:37:54.924690+00:00,1,0,1,1,0.674,71829,20.616,0.74,0.812,0.6017,,SYNTHETIC DATA — NOT REAL EDUONE DATA
attempt-0159,student-20,ex-03-04,PYTHON_IF_ELSE,,2026-06-22T10:12:28.804933+00:00,0,0,0,3,0.557,30133,1.183,0.919,0.96,0.8895,IF_INDENTATION_ERROR,SYNTHETIC DATA — NOT REAL EDUONE DATA
attempt-0160,student-20,ex-02-06,PYTHON_OPERATORS,PYTHON_VARIABLES,2026-06-22T14:21:03.209559+00:00,1,0,0,1,0.78,28017,1.159,0.796,0.96,0.6595,,SYNTHETIC DATA — NOT REAL EDUONE DATA
attempt-0161,student-01,ex-04-05,PYTHON_FOR,,2026-06-22T17:10:02.183176+00:00,0,1,0,3,0.637,27758,2.65,0.777,0.817,0.6817,,SYNTHETIC DATA — NOT REAL EDUONE DATA
attempt-0162,student-02,ex-08-04,PYTHON_FUNCTIONS,,2026-06-22T19:19:50.972981+00:00,1,0,0,1,0.571,45988,0.514,0.779,0.797,0.7602,,SYNTHETIC DATA — NOT REAL EDUONE DATA
attempt-0163,student-03,ex-03-04,PYTHON_IF_ELSE,,2026-06-22T22:51:59.944084+00:00,1,0,0,2,0.557,25526,3.766,0.667,0.657,0.6609,,SYNTHETIC DATA — NOT REAL EDUONE DATA
attempt-0164,student-04,ex-03-02,PYTHON_IF_ELSE,,2026-06-23T02:52:43.558662+00:00,1,0,0,3,0.337,15253,2.485,0.617,0.707,0.7603,,SYNTHETIC DATA — NOT REAL EDUONE DATA
attempt-0165,student-05,ex-02-04,PYTHON_OPERATORS,,2026-06-23T05:27:47.882518+00:00,0,0,0,1,0.552,27431,4.726,0.22,0.26,0.2559,BOOLEAN_LOGIC_CONFUSION,SYNTHETIC DATA — NOT REAL EDUONE DATA
attempt-0166,student-06,ex-04-03,PYTHON_FOR,,2026-06-23T09:22:30.626223+00:00,1,0,1,3,0.427,23916,2.229,0.738,0.836,0.8336,,SYNTHETIC DATA — NOT REAL EDUONE DATA
attempt-0167,student-07,ex-05-03,PYTHON_RANGE,,2026-06-23T13:07:35.821680+00:00,1,0,1,2,0.427,25955,2.927,0.354,0.379,0.249,,SYNTHETIC DATA — NOT REAL EDUONE DATA
attempt-0168,student-08,ex-01-02,PYTHON_VARIABLES,,2026-06-23T16:15:42.721755+00:00,1,0,0,2,0.308,17767,12.549,0.748,0.664,0.5914,,SYNTHETIC DATA — NOT REAL EDUONE DATA
attempt-0169,student-09,ex-07-03,PYTHON_LISTS,,2026-06-23T18:41:18.032214+00:00,1,0,0,1,0.42,24993,1.04,0.44,0.563,0.4664,,SYNTHETIC DATA — NOT REAL EDUONE DATA
attempt-0170,student-10,ex-06-04,PYTHON_WHILE,,2026-06-23T22:16:34.110889+00:00,1,0,0,1,0.529,20962,2.501,0.859,0.86,0.778,,SYNTHETIC DATA — NOT REAL EDUONE DATA
attempt-0171,student-11,ex-06-05,PYTHON_WHILE,,2026-06-24T00:45:50.997861+00:00,1,0,1,2,0.641,28770,4.796,0.798,0.96,0.862,,SYNTHETIC DATA — NOT REAL EDUONE DATA
attempt-0172,student-12,ex-03-01,PYTHON_IF_ELSE,,2026-06-24T05:05:39.507709+00:00,1,0,0,1,0.217,27749,4.63,0.767,0.819,0.9486,,SYNTHETIC DATA — NOT REAL EDUONE DATA
attempt-0173,student-13,ex-03-03,PYTHON_IF_ELSE,,2026-06-24T06:57:02.738611+00:00,1,0,1,2,0.421,27175,3.777,0.732,0.688,0.8322,,SYNTHETIC DATA — NOT REAL EDUONE DATA
attempt-0174,student-14,ex-07-04,PYTHON_LISTS,,2026-06-24T10:49:06.800035+00:00,0,0,0,1,0.536,38341,3.744,0.665,0.61,0.5932,LIST_INDEX_STARTS_AT_ONE,SYNTHETIC DATA — NOT REAL EDUONE DATA
attempt-0175,student-15,ex-04-04,PYTHON_FOR,,2026-06-24T14:25:42.104176+00:00,1,0,0,1,0.533,20241,1.575,0.491,0.6,0.5276,,SYNTHETIC DATA — NOT REAL EDUONE DATA
attempt-0176,student-16,ex-03-04,PYTHON_IF_ELSE,,2026-06-24T17:38:54.552138+00:00,0,0,1,2,0.557,10179,4.555,0.59,0.587,0.4547,IF_INDENTATION_ERROR,SYNTHETIC DATA — NOT REAL EDUONE DATA
attempt-0177,student-17,ex-03-04,PYTHON_IF_ELSE,,2026-06-24T20:58:37.266949+00:00,1,0,0,3,0.557,40326,1.735,0.772,0.864,0.7307,,SYNTHETIC DATA — NOT REAL EDUONE DATA
attempt-0178,student-18,ex-07-03,PYTHON_LISTS,,2026-06-24T23:31:20.958033+00:00,0,0,0,2,0.42,22709,1.307,0.515,0.643,0.8053,,SYNTHETIC DATA — NOT REAL EDUONE DATA
attempt-0179,student-20,ex-03-06,PYTHON_IF_ELSE,PYTHON_OPERATORS,2026-06-25T02:40:31.820214+00:00,1,0,0,4,0.781,47765,1.471,0.961,0.96,0.8086,,SYNTHETIC DATA — NOT REAL EDUONE DATA
attempt-0180,student-20,ex-06-02,PYTHON_WHILE,,2026-06-25T05:09:49.449327+00:00,1,0,1,1,0.331,39816,2.587,0.726,0.848,0.8283,,SYNTHETIC DATA — NOT REAL EDUONE DATA
attempt-0181,student-01,ex-07-01,PYTHON_LISTS,,2026-06-25T08:22:16.255277+00:00,1,0,0,1,0.238,13479,3.533,0.888,0.847,0.8992,,SYNTHETIC DATA — NOT REAL EDUONE DATA
attempt-0182,student-02,ex-01-04,PYTHON_VARIABLES,,2026-06-25T12:48:57.727534+00:00,1,0,0,1,0.543,15890,4.467,0.74,0.721,0.7793,,SYNTHETIC DATA — NOT REAL EDUONE DATA
attempt-0183,student-03,ex-05-01,PYTHON_RANGE,,2026-06-25T16:09:27.699598+00:00,1,0,0,1,0.219,36506,1.965,0.223,0.24,0.4928,,SYNTHETIC DATA — NOT REAL EDUONE DATA
attempt-0184,student-04,ex-03-04,PYTHON_IF_ELSE,,2026-06-25T18:16:41.857519+00:00,1,0,0,3,0.557,26957,3.942,0.584,0.707,0.4473,,SYNTHETIC DATA — NOT REAL EDUONE DATA
attempt-0185,student-05,ex-07-04,PYTHON_LISTS,,2026-06-25T21:08:34.390878+00:00,1,0,0,1,0.536,14554,3.098,0.182,0.357,0.3168,,SYNTHETIC DATA — NOT REAL EDUONE DATA
attempt-0186,student-06,ex-08-02,PYTHON_FUNCTIONS,,2026-06-26T01:24:58.585812+00:00,1,0,0,2,0.326,21905,1.076,0.912,0.885,0.9545,,SYNTHETIC DATA — NOT REAL EDUONE DATA
attempt-0187,student-07,ex-02-05,PYTHON_OPERATORS,,2026-06-26T04:17:55.333652+00:00,0,0,1,1,0.681,49921,0.573,0.594,0.508,0.3543,BOOLEAN_LOGIC_CONFUSION,SYNTHETIC DATA — NOT REAL EDUONE DATA
attempt-0188,student-08,ex-01-06,PYTHON_VARIABLES,PYTHON_VARIABLES,2026-06-26T08:23:51.214974+00:00,1,0,0,2,0.782,60682,14.385,0.739,0.664,0.3437,,SYNTHETIC DATA — NOT REAL EDUONE DATA
attempt-0189,student-10,ex-07-01,PYTHON_LISTS,,2026-06-26T09:48:52.357692+00:00,1,0,0,2,0.238,21261,4.182,0.706,0.821,0.9232,,SYNTHETIC DATA — NOT REAL EDUONE DATA
attempt-0190,student-10,ex-06-02,PYTHON_WHILE,,2026-06-26T14:14:36.321288+00:00,1,0,0,2,0.331,16033,4.435,0.858,0.86,0.8992,,SYNTHETIC DATA — NOT REAL EDUONE DATA
attempt-0191,student-11,ex-06-02,PYTHON_WHILE,,2026-06-26T16:28:03.638657+00:00,1,0,0,3,0.331,15453,0.818,0.787,0.96,0.8911,,SYNTHETIC DATA — NOT REAL EDUONE DATA
attempt-0192,student-12,ex-06-03,PYTHON_WHILE,,2026-06-26T21:00:22.464098+00:00,1,0,0,2,0.448,37542,2.91,0.67,0.706,0.7414,,SYNTHETIC DATA — NOT REAL EDUONE DATA
attempt-0193,student-13,ex-02-02,PYTHON_OPERATORS,,2026-06-26T23:50:10.045381+00:00,1,0,1,1,0.352,23284,4.964,0.577,0.745,0.8995,,SYNTHETIC DATA — NOT REAL EDUONE DATA
attempt-0194,student-14,ex-07-02,PYTHON_LISTS,,2026-06-27T03:23:35.734877+00:00,0,0,0,2,0.309,17973,2.287,0.474,0.61,0.7487,,SYNTHETIC DATA — NOT REAL EDUONE DATA
attempt-0195,student-15,ex-04-03,PYTHON_FOR,,2026-06-27T05:29:59.403590+00:00,0,1,0,2,0.427,450,2.06,0.694,0.6,0.5721,,SYNTHETIC DATA — NOT REAL EDUONE DATA
attempt-0196,student-16,ex-08-02,PYTHON_FUNCTIONS,,2026-06-27T08:50:24.077494+00:00,1,0,1,1,0.326,9452,1.717,0.527,0.61,0.8254,,SYNTHETIC DATA — NOT REAL EDUONE DATA
attempt-0197,student-17,ex-05-05,PYTHON_RANGE,,2026-06-27T12:46:21.580010+00:00,1,0,0,2,0.653,52484,0.708,0.622,0.662,0.5447,,SYNTHETIC DATA — NOT REAL EDUONE DATA
attempt-0198,student-18,ex-02-02,PYTHON_OPERATORS,,2026-06-27T15:19:38.884808+00:00,1,0,0,2,0.352,12248,24.558,0.722,0.685,0.5943,,SYNTHETIC DATA — NOT REAL EDUONE DATA
attempt-0199,student-19,ex-08-02,PYTHON_FUNCTIONS,,2026-06-27T18:11:23.731552+00:00,1,0,1,1,0.326,7464,2.029,0.744,0.79,0.8954,,SYNTHETIC DATA — NOT REAL EDUONE DATA
attempt-0200,student-20,ex-07-03,PYTHON_LISTS,,2026-06-27T21:35:51.903658+00:00,1,0,0,1,0.42,57587,1.194,0.777,0.941,0.7842,,SYNTHETIC DATA — NOT REAL EDUONE DATA
attempt-0201,student-01,ex-05-02,PYTHON_RANGE,,2026-06-28T00:48:00.797557+00:00,0,0,0,1,0.324,19485,2.435,0.61,0.748,0.7575,,SYNTHETIC DATA — NOT REAL EDUONE DATA
attempt-0202,student-02,ex-07-05,PYTHON_LISTS,,2026-06-28T03:50:41.812152+00:00,1,0,0,1,0.666,35082,3.282,0.921,0.824,0.7878,,SYNTHETIC DATA — NOT REAL EDUONE DATA
attempt-0203,student-03,ex-01-05,PYTHON_VARIABLES,,2026-06-28T07:20:56.706209+00:00,0,0,0,2,0.664,63591,3.478,0.733,0.642,0.4174,VARIABLE_UPDATE_ORDER,SYNTHETIC DATA — NOT REAL EDUONE DATA
attempt-0204,student-04,ex-05-06,PYTHON_RANGE,PYTHON_FOR,2026-06-28T10:29:10.230019+00:00,0,0,0,2,0.766,49339,3.656,0.646,0.616,0.3855,,SYNTHETIC DATA — NOT REAL EDUONE DATA
attempt-0205,student-05,ex-02-06,PYTHON_OPERATORS,PYTHON_VARIABLES,2026-06-28T14:15:29.567937+00:00,0,0,1,2,0.78,13776,2.731,0.215,0.26,0.1513,BOOLEAN_LOGIC_CONFUSION,SYNTHETIC DATA — NOT REAL EDUONE DATA
attempt-0206,student-06,ex-06-02,PYTHON_WHILE,,2026-06-28T17:48:49.575096+00:00,1,0,0,1,0.331,24703,2.688,0.805,0.835,0.9103,,SYNTHETIC DATA — NOT REAL EDUONE DATA
attempt-0207,student-07,ex-04-02,PYTHON_FOR,,2026-06-28T19:32:30.024542+00:00,1,0,0,2,0.35,18893,1.15,0.568,0.607,0.7577,,SYNTHETIC DATA — NOT REAL EDUONE DATA
attempt-0208,student-08,ex-02-02,PYTHON_OPERATORS,,2026-06-28T22:36:44.328280+00:00,1,0,0,2,0.352,36015,1.79,0.702,0.774,0.9601,,SYNTHETIC DATA — NOT REAL EDUONE DATA
attempt-0209,student-10,ex-01-04,PYTHON_VARIABLES,,2026-06-29T02:13:25.418617+00:00,0,0,0,1,0.543,11231,0.981,0.69,0.731,0.418,VARIABLE_UPDATE_ORDER,SYNTHETIC DATA — NOT REAL EDUONE DATA
attempt-0210,student-10,ex-05-01,PYTHON_RANGE,,2026-06-29T06:34:07.168479+00:00,1,0,1,2,0.219,8852,3.293,0.56,0.638,0.8225,,SYNTHETIC DATA — NOT REAL EDUONE DATA
attempt-0211,student-11,ex-05-04,PYTHON_RANGE,,2026-06-29T08:51:13.219504+00:00,1,0,0,1,0.56,36333,3.316,0.89,0.862,0.8697,,SYNTHETIC DATA — NOT REAL EDUONE DATA
attempt-0212,student-12,ex-02-02,PYTHON_OPERATORS,,2026-06-29T12:25:35.557563+00:00,1,0,1,2,0.352,34667,4.527,0.618,0.759,0.799,,SYNTHETIC DATA — NOT REAL EDUONE DATA
attempt-0213,student-13,ex-07-05,PYTHON_LISTS,,2026-06-29T14:29:05.392188+00:00,1,0,0,1,0.666,22462,2.504,0.813,0.828,0.5859,,SYNTHETIC DATA — NOT REAL EDUONE DATA
attempt-0214,student-14,ex-03-02,PYTHON_IF_ELSE,,2026-06-29T18:13:13.952464+00:00,0,0,0,2,0.337,49481,1.78,0.784,0.758,0.792,IF_INDENTATION_ERROR,SYNTHETIC DATA — NOT REAL EDUONE DATA
attempt-0215,student-15,ex-07-05,PYTHON_LISTS,,2026-06-29T21:55:43.971125+00:00,1,0,0,1,0.666,17922,3.246,0.684,0.628,0.5403,,SYNTHETIC DATA — NOT REAL EDUONE DATA
attempt-0216,student-16,ex-04-05,PYTHON_FOR,,2026-06-30T00:55:32.656181+00:00,0,0,1,1,0.637,18570,2.953,0.454,0.386,0.3776,,SYNTHETIC DATA — NOT REAL EDUONE DATA
attempt-0217,student-17,ex-01-05,PYTHON_VARIABLES,,2026-06-30T04:56:58.748514+00:00,1,0,0,1,0.664,25398,3.068,0.871,0.832,0.7273,,SYNTHETIC DATA — NOT REAL EDUONE DATA
attempt-0218,student-18,ex-08-02,PYTHON_FUNCTIONS,,2026-06-30T07:16:44.046657+00:00,1,0,0,1,0.326,16467,17.908,0.507,0.639,0.6463,,SYNTHETIC DATA — NOT REAL EDUONE DATA
attempt-0219,student-20,ex-05-04,PYTHON_RANGE,,2026-06-30T10:42:00.427127+00:00,0,0,0,2,0.56,13721,3.234,0.953,0.874,0.717,RANGE_STOP_INCLUDED,SYNTHETIC DATA — NOT REAL EDUONE DATA
attempt-0220,student-20,ex-05-04,PYTHON_RANGE,,2026-06-30T12:52:50.609905+00:00,1,0,0,3,0.56,62928,1.58,0.94,0.874,0.8087,,SYNTHETIC DATA — NOT REAL EDUONE DATA
attempt-0221,student-01,ex-01-03,PYTHON_VARIABLES,,2026-06-30T16:57:38.494171+00:00,1,0,0,2,0.434,25244,0.494,0.607,0.687,0.6604,,SYNTHETIC DATA — NOT REAL EDUONE DATA
attempt-0222,student-02,ex-07-06,PYTHON_LISTS,PYTHON_WHILE,2026-06-30T19:20:27.638765+00:00,0,0,0,2,0.783,118427,0.758,0.74,0.824,0.5346,LIST_INDEX_STARTS_AT_ONE,SYNTHETIC DATA — NOT REAL EDUONE DATA
attempt-0223,student-03,ex-06-06,PYTHON_WHILE,PYTHON_RANGE,2026-06-30T23:32:27.966019+00:00,0,0,0,1,0.752,21843,0.438,0.469,0.588,0.4088,WHILE_VARIABLE_NOT_UPDATED,SYNTHETIC DATA — NOT REAL EDUONE DATA
attempt-0224,student-04,ex-01-02,PYTHON_VARIABLES,,2026-07-01T01:52:42.566651+00:00,1,0,0,1,0.308,20901,3.867,0.715,0.849,0.8902,,SYNTHETIC DATA — NOT REAL EDUONE DATA
attempt-0225,student-05,ex-06-04,PYTHON_WHILE,,2026-07-01T06:16:59.645886+00:00,0,0,0,1,0.529,20170,3.903,0.38,0.529,0.3153,WHILE_VARIABLE_NOT_UPDATED,SYNTHETIC DATA — NOT REAL EDUONE DATA
attempt-0226,student-06,ex-06-06,PYTHON_WHILE,PYTHON_RANGE,2026-07-01T08:18:29.872829+00:00,1,0,0,2,0.752,28502,1.033,0.804,0.835,0.5901,,SYNTHETIC DATA — NOT REAL EDUONE DATA
attempt-0227,student-07,ex-04-06,PYTHON_FOR,PYTHON_IF_ELSE,2026-07-01T11:57:41.854661+00:00,0,1,1,2,0.791,260000,0.735,0.656,0.607,0.6687,,SYNTHETIC DATA — NOT REAL EDUONE DATA
attempt-0228,student-08,ex-01-03,PYTHON_VARIABLES,,2026-07-01T14:44:57.784021+00:00,1,0,1,3,0.434,20598,19.884,0.663,0.664,0.6952,,SYNTHETIC DATA — NOT REAL EDUONE DATA
attempt-0229,student-09,ex-02-05,PYTHON_OPERATORS,,2026-07-01T18:08:45.906069+00:00,0,0,1,1,0.681,30923,0.467,0.484,0.375,0.2204,BOOLEAN_LOGIC_CONFUSION,SYNTHETIC DATA — NOT REAL EDUONE DATA
attempt-0230,student-10,ex-03-01,PYTHON_IF_ELSE,,2026-07-01T21:19:51.239105+00:00,0,0,0,1,0.217,10136,2.541,0.773,0.793,0.7678,IF_INDENTATION_ERROR,SYNTHETIC DATA — NOT REAL EDUONE DATA
attempt-0231,student-11,ex-08-04,PYTHON_FUNCTIONS,,2026-07-02T00:04:57.744411+00:00,0,1,0,1,0.571,60544,0.234,0.891,0.96,0.8249,,SYNTHETIC DATA — NOT REAL EDUONE DATA
attempt-0232,student-12,ex-06-03,PYTHON_WHILE,,2026-07-02T04:09:46.925517+00:00,1,0,0,3,0.448,43949,3.879,0.712,0.706,0.7569,,SYNTHETIC DATA — NOT REAL EDUONE DATA
attempt-0233,student-13,ex-04-01,PYTHON_FOR,,2026-07-02T07:10:41.445362+00:00,1,0,0,1,0.218,24278,3.31,0.642,0.686,0.8157,,SYNTHETIC DATA — NOT REAL EDUONE DATA
attempt-0234,student-14,ex-03-04,PYTHON_IF_ELSE,,2026-07-02T10:37:00.943812+00:00,1,0,0,3,0.557,34369,1.41,0.837,0.758,0.6869,,SYNTHETIC DATA — NOT REAL EDUONE DATA
attempt-0235,student-15,ex-07-03,PYTHON_LISTS,,2026-07-02T13:30:24.120390+00:00,1,0,0,2,0.42,30292,0.497,0.644,0.628,0.7397,,SYNTHETIC DATA — NOT REAL EDUONE DATA
attempt-0236,student-16,ex-08-04,PYTHON_FUNCTIONS,,2026-07-02T17:31:02.427293+00:00,0,0,1,2,0.571,64746,1.84,0.564,0.61,0.6518,FUNCTION_RETURN_VS_PRINT,SYNTHETIC DATA — NOT REAL EDUONE DATA
attempt-0237,student-17,ex-05-01,PYTHON_RANGE,,2026-07-02T19:15:21.014137+00:00,0,0,1,3,0.219,33339,0.18,0.522,0.662,0.7768,RANGE_STOP_INCLUDED,SYNTHETIC DATA — NOT REAL EDUONE DATA
attempt-0238,student-18,ex-04-06,PYTHON_FOR,PYTHON_IF_ELSE,2026-07-03T00:13:09.823554+00:00,1,0,0,1,0.791,22402,22.794,0.942,0.873,0.4632,,SYNTHETIC DATA — NOT REAL EDUONE DATA
attempt-0239,student-20,ex-05-06,PYTHON_RANGE,PYTHON_FOR,2026-07-03T02:19:22.924755+00:00,0,0,0,3,0.766,33386,1.479,0.813,0.874,0.6776,RANGE_STOP_INCLUDED,SYNTHETIC DATA — NOT REAL EDUONE DATA
attempt-0240,student-20,ex-08-06,PYTHON_FUNCTIONS,PYTHON_LISTS,2026-07-03T06:32:11.653535+00:00,0,0,0,1,0.792,73641,2.022,0.793,0.786,0.4831,FUNCTION_RETURN_VS_PRINT,SYNTHETIC DATA — NOT REAL EDUONE DATA
attempt-0241,student-01,ex-06-06,PYTHON_WHILE,PYTHON_RANGE,2026-07-03T08:56:26.445576+00:00,1,0,0,1,0.752,19859,2.196,0.816,0.81,0.7131,,SYNTHETIC DATA — NOT REAL EDUONE DATA
attempt-0242,student-02,ex-01-01,PYTHON_VARIABLES,,2026-07-03T11:57:16.700249+00:00,1,0,0,2,0.244,25337,1.74,0.79,0.721,0.8624,,SYNTHETIC DATA — NOT REAL EDUONE DATA
attempt-0243,student-03,ex-06-03,PYTHON_WHILE,,2026-07-03T16:20:46.743621+00:00,0,0,0,2,0.448,25939,4.938,0.469,0.588,0.5175,,SYNTHETIC DATA — NOT REAL EDUONE DATA
attempt-0244,student-04,ex-01-04,PYTHON_VARIABLES,,2026-07-03T18:45:46.832011+00:00,1,0,0,2,0.543,10792,0.375,0.75,0.849,0.6367,,SYNTHETIC DATA — NOT REAL EDUONE DATA
attempt-0245,student-05,ex-03-03,PYTHON_IF_ELSE,,2026-07-03T21:02:49.641242+00:00,0,0,1,1,0.421,11917,4.695,0.415,0.541,0.5229,,SYNTHETIC DATA — NOT REAL EDUONE DATA
attempt-0246,student-06,ex-05-05,PYTHON_RANGE,,2026-07-04T00:39:22.895965+00:00,0,0,1,1,0.653,13609,3.861,0.676,0.699,0.5106,,SYNTHETIC DATA — NOT REAL EDUONE DATA
attempt-0247,student-07,ex-08-01,PYTHON_FUNCTIONS,,2026-07-04T04:42:38.558753+00:00,0,0,0,2,0.229,43926,2.695,0.498,0.38,0.5706,FUNCTION_RETURN_VS_PRINT,SYNTHETIC DATA — NOT REAL EDUONE DATA
attempt-0248,student-08,ex-08-03,PYTHON_FUNCTIONS,,2026-07-04T07:15:54.169969+00:00,1,0,0,1,0.442,49965,2.936,0.867,0.815,0.876,,SYNTHETIC DATA — NOT REAL EDUONE DATA
attempt-0249,student-10,ex-06-01,PYTHON_WHILE,,2026-07-04T10:11:29.315330+00:00,1,0,0,3,0.221,22468,2.426,0.828,0.86,0.9491,,SYNTHETIC DATA — NOT REAL EDUONE DATA
attempt-0250,student-10,ex-01-03,PYTHON_VARIABLES,,2026-07-04T13:21:18.543762+00:00,1,0,0,2,0.434,14724,3.127,0.766,0.731,0.7269,,SYNTHETIC DATA — NOT REAL EDUONE DATA
attempt-0251,student-11,ex-07-03,PYTHON_LISTS,,2026-07-04T16:56:32.122405+00:00,1,0,0,1,0.42,29231,1.023,0.872,0.927,0.8968,,SYNTHETIC DATA — NOT REAL EDUONE DATA
attempt-0252,student-12,ex-08-01,PYTHON_FUNCTIONS,,2026-07-04T19:31:43.918725+00:00,1,0,0,1,0.229,40655,1.707,0.766,0.795,0.8999,,SYNTHETIC DATA — NOT REAL EDUONE DATA
attempt-0253,student-13,ex-02-05,PYTHON_OPERATORS,,2026-07-04T22:44:53.021871+00:00,0,0,1,2,0.681,53673,3.774,0.852,0.745,0.5786,BOOLEAN_LOGIC_CONFUSION,SYNTHETIC DATA — NOT REAL EDUONE DATA
attempt-0254,student-14,ex-07-03,PYTHON_LISTS,,2026-07-05T03:11:17.566039+00:00,1,0,0,3,0.42,32215,4.764,0.606,0.61,0.6545,,SYNTHETIC DATA — NOT REAL EDUONE DATA
attempt-0255,student-15,ex-06-05,PYTHON_WHILE,,2026-07-05T05:36:30.929031+00:00,1,0,0,1,0.641,121076,2.401,0.713,0.67,0.5059,,SYNTHETIC DATA — NOT REAL EDUONE DATA
attempt-0256,student-16,ex-07-05,PYTHON_LISTS,,2026-07-05T08:18:15.599591+00:00,0,0,1,1,0.666,21958,1.533,0.589,0.48,0.266,LIST_INDEX_STARTS_AT_ONE,SYNTHETIC DATA — NOT REAL EDUONE DATA
attempt-0257,student-17,ex-01-05,PYTHON_VARIABLES,,2026-07-05T11:53:02.345206+00:00,1,0,0,2,0.664,65086,4.361,0.67,0.832,0.6553,,SYNTHETIC DATA — NOT REAL EDUONE DATA
attempt-0258,student-18,ex-04-05,PYTHON_FOR,,2026-07-05T14:50:54.405778+00:00,0,0,1,2,0.637,36044,18.743,0.78,0.873,0.6902,FOR_ITERATION_COUNT,SYNTHETIC DATA — NOT REAL EDUONE DATA
attempt-0259,student-19,ex-05-04,PYTHON_RANGE,,2026-07-05T17:37:32.304207+00:00,1,0,0,1,0.56,18657,4.096,1.0,0.924,0.8116,,SYNTHETIC DATA — NOT REAL EDUONE DATA
attempt-0260,student-20,ex-04-01,PYTHON_FOR,,2026-07-05T20:51:58.933740+00:00,1,0,0,1,0.218,24655,1.591,0.798,0.879,0.8768,,SYNTHETIC DATA — NOT REAL EDUONE DATA
attempt-0261,student-01,ex-02-03,PYTHON_OPERATORS,,2026-07-06T00:05:52.686833+00:00,1,0,0,1,0.462,26028,4.793,0.97,0.873,0.7567,,SYNTHETIC DATA — NOT REAL EDUONE DATA
attempt-0262,student-02,ex-05-02,PYTHON_RANGE,,2026-07-06T04:00:58.783571+00:00,1,0,0,1,0.324,35521,1.951,0.728,0.729,0.8567,,SYNTHETIC DATA — NOT REAL EDUONE DATA
attempt-0263,student-03,ex-08-02,PYTHON_FUNCTIONS,,2026-07-06T07:47:27.435658+00:00,1,0,0,1,0.326,15154,4.162,0.55,0.58,0.6598,,SYNTHETIC DATA — NOT REAL EDUONE DATA
attempt-0264,student-04,ex-04-04,PYTHON_FOR,,2026-07-06T11:27:05.495977+00:00,1,0,0,1,0.533,19074,2.855,0.747,0.756,0.8157,,SYNTHETIC DATA — NOT REAL EDUONE DATA
attempt-0265,student-05,ex-02-01,PYTHON_OPERATORS,,2026-07-06T14:10:54.896760+00:00,0,0,0,3,0.198,15240,2.852,0.113,0.26,0.6755,,SYNTHETIC DATA — NOT REAL EDUONE DATA
attempt-0266,student-06,ex-06-02,PYTHON_WHILE,,2026-07-06T17:37:29.969031+00:00,1,0,0,3,0.331,11608,1.624,0.861,0.835,0.8906,,SYNTHETIC DATA — NOT REAL EDUONE DATA
attempt-0267,student-07,ex-04-03,PYTHON_FOR,,2026-07-06T19:28:54.275247+00:00,0,0,1,3,0.427,41560,2.892,0.462,0.607,0.714,,SYNTHETIC DATA — NOT REAL EDUONE DATA
attempt-0268,student-08,ex-06-04,PYTHON_WHILE,,2026-07-07T00:23:37.550201+00:00,0,0,0,1,0.529,47040,23.797,0.73,0.723,0.5426,WHILE_VARIABLE_NOT_UPDATED,SYNTHETIC DATA — NOT REAL EDUONE DATA
attempt-0269,student-10,ex-04-03,PYTHON_FOR,,2026-07-07T01:53:25.672916+00:00,1,0,0,1,0.427,6307,1.93,0.601,0.734,0.5598,,SYNTHETIC DATA — NOT REAL EDUONE DATA
attempt-0270,student-10,ex-06-02,PYTHON_WHILE,,2026-07-07T04:48:29.748188+00:00,1,0,0,4,0.331,13089,0.679,0.751,0.86,0.8632,,SYNTHETIC DATA — NOT REAL EDUONE DATA
attempt-0271,student-11,ex-07-01,PYTHON_LISTS,,2026-07-07T09:22:52.540134+00:00,1,0,0,2,0.238,18312,2.847,0.772,0.927,0.8782,,SYNTHETIC DATA — NOT REAL EDUONE DATA
attempt-0272,student-12,ex-07-06,PYTHON_LISTS,PYTHON_WHILE,2026-07-07T11:12:50.103283+00:00,0,1,0,1,0.783,24897,4.882,0.721,0.897,0.6771,,SYNTHETIC DATA — NOT REAL EDUONE DATA
attempt-0273,student-13,ex-07-05,PYTHON_LISTS,,2026-07-07T15:49:37.400810+00:00,0,0,0,2,0.666,15709,2.409,0.864,0.828,0.7708,,SYNTHETIC DATA — NOT REAL EDUONE DATA
attempt-0274,student-14,ex-07-04,PYTHON_LISTS,,2026-07-07T17:46:57.134516+00:00,0,0,0,4,0.536,33125,3.91,0.521,0.61,0.6745,LIST_INDEX_STARTS_AT_ONE,SYNTHETIC DATA — NOT REAL EDUONE DATA
attempt-0275,student-15,ex-03-03,PYTHON_IF_ELSE,,2026-07-07T21:05:10.008370+00:00,1,0,0,1,0.421,32670,0.267,0.552,0.702,0.8009,,SYNTHETIC DATA — NOT REAL EDUONE DATA
attempt-0276,student-16,ex-03-05,PYTHON_IF_ELSE,,2026-07-08T01:37:58.038785+00:00,0,0,1,2,0.674,17138,4.78,0.66,0.587,0.3048,,SYNTHETIC DATA — NOT REAL EDUONE DATA
attempt-0277,student-17,ex-06-06,PYTHON_WHILE,PYTHON_RANGE,2026-07-08T05:10:13.183609+00:00,1,0,0,1,0.752,49351,0.379,1.0,0.885,0.5669,,SYNTHETIC DATA — NOT REAL EDUONE DATA
attempt-0278,student-18,ex-01-03,PYTHON_VARIABLES,,2026-07-08T06:59:09.249549+00:00,1,0,1,1,0.434,70867,2.644,0.726,0.657,0.7938,,SYNTHETIC DATA — NOT REAL EDUONE DATA
attempt-0279,student-20,ex-07-03,PYTHON_LISTS,,2026-07-08T11:15:18.353502+00:00,1,0,1,2,0.42,79509,2.234,0.91,0.941,0.7509,,SYNTHETIC DATA — NOT REAL EDUONE DATA
attempt-0280,student-20,ex-07-02,PYTHON_LISTS,,2026-07-08T12:56:59.252108+00:00,1,0,0,3,0.309,56870,4.085,0.831,0.941,0.9342,,SYNTHETIC DATA — NOT REAL EDUONE DATA
attempt-0281,student-01,ex-03-06,PYTHON_IF_ELSE,PYTHON_OPERATORS,2026-07-08T16:13:28.796434+00:00,0,0,0,1,0.781,21359,1.993,0.734,0.848,0.7087,,SYNTHETIC DATA — NOT REAL EDUONE DATA
attempt-0282,student-02,ex-08-05,PYTHON_FUNCTIONS,,2026-07-08T20:39:48.627609+00:00,1,0,0,1,0.658,57896,4.883,0.672,0.797,0.8161,,SYNTHETIC DATA — NOT REAL EDUONE DATA
attempt-0283,student-03,ex-05-04,PYTHON_RANGE,,2026-07-08T23:42:26.194420+00:00,0,0,0,2,0.56,16845,1.906,0.3,0.24,0.2063,,SYNTHETIC DATA — NOT REAL EDUONE DATA
attempt-0284,student-04,ex-06-05,PYTHON_WHILE,,2026-07-09T03:03:27.287153+00:00,0,0,0,1,0.641,23779,4.377,0.177,0.2,0.2336,WHILE_VARIABLE_NOT_UPDATED,SYNTHETIC DATA — NOT REAL EDUONE DATA
attempt-0285,student-05,ex-05-02,PYTHON_RANGE,,2026-07-09T06:07:56.158519+00:00,0,0,0,1,0.324,27224,1.233,0.336,0.336,0.3265,,SYNTHETIC DATA — NOT REAL EDUONE DATA
attempt-0286,student-06,ex-04-03,PYTHON_FOR,,2026-07-09T08:51:17.067625+00:00,1,0,1,1,0.427,17949,2.3,0.885,0.836,0.8583,,SYNTHETIC DATA — NOT REAL EDUONE DATA
attempt-0287,student-07,ex-08-02,PYTHON_FUNCTIONS,,2026-07-09T12:34:15.355367+00:00,0,0,0,2,0.326,22664,3.83,0.232,0.38,0.6305,,SYNTHETIC DATA — NOT REAL EDUONE DATA
attempt-0288,student-08,ex-02-04,PYTHON_OPERATORS,,2026-07-09T15:01:00.201572+00:00,0,0,0,2,0.552,9200,4.449,0.661,0.774,0.7642,BOOLEAN_LOGIC_CONFUSION,SYNTHETIC DATA — NOT REAL EDUONE DATA
attempt-0289,student-09,ex-04-04,PYTHON_FOR,,2026-07-09T19:33:37.463306+00:00,1,0,0,1,0.533,11316,4.935,0.397,0.398,0.4345,,SYNTHETIC DATA — NOT REAL EDUONE DATA
attempt-0290,student-10,ex-02-06,PYTHON_OPERATORS,PYTHON_VARIABLES,2026-07-09T21:33:45.479509+00:00,1,0,0,1,0.78,13000,3.02,0.658,0.672,0.6342,,SYNTHETIC DATA — NOT REAL EDUONE DATA
attempt-0291,student-11,ex-05-06,PYTHON_RANGE,PYTHON_FOR,2026-07-10T00:06:18.876740+00:00,1,0,0,2,0.766,42312,3.527,0.811,0.862,0.4113,,SYNTHETIC DATA — NOT REAL EDUONE DATA
attempt-0292,student-12,ex-04-02,PYTHON_FOR,,2026-07-10T03:44:07.230332+00:00,1,0,0,1,0.35,450,0.925,0.73,0.898,0.8665,,SYNTHETIC DATA — NOT REAL EDUONE DATA
attempt-0293,student-13,ex-01-02,PYTHON_VARIABLES,,2026-07-10T06:58:05.424924+00:00,1,0,1,1,0.308,11647,4.357,0.696,0.815,0.8468,,SYNTHETIC DATA — NOT REAL EDUONE DATA
attempt-0294,student-14,ex-05-06,PYTHON_RANGE,PYTHON_FOR,2026-07-10T10:58:34.677422+00:00,1,0,0,1,0.766,31620,2.675,0.831,0.776,0.5935,,SYNTHETIC DATA — NOT REAL EDUONE DATA
attempt-0295,student-15,ex-02-06,PYTHON_OPERATORS,PYTHON_VARIABLES,2026-07-10T13:17:59.146465+00:00,0,0,1,1,0.78,35671,2.917,0.336,0.26,0.231,BOOLEAN_LOGIC_CONFUSION,SYNTHETIC DATA — NOT REAL EDUONE DATA
attempt-0296,student-16,ex-07-03,PYTHON_LISTS,,2026-07-10T17:09:57.954446+00:00,0,0,1,2,0.42,35018,3.415,0.466,0.48,0.5211,,SYNTHETIC DATA — NOT REAL EDUONE DATA
attempt-0297,student-17,ex-02-03,PYTHON_OPERATORS,,2026-07-10T20:19:44.004476+00:00,0,0,0,1,0.462,56226,0.73,0.836,0.794,0.7582,,SYNTHETIC DATA — NOT REAL EDUONE DATA
attempt-0298,student-18,ex-07-02,PYTHON_LISTS,,2026-07-10T23:04:05.469611+00:00,1,0,0,1,0.309,46405,20.189,0.713,0.643,0.6975,,SYNTHETIC DATA — NOT REAL EDUONE DATA
attempt-0299,student-20,ex-06-03,PYTHON_WHILE,,2026-07-11T02:55:55.556871+00:00,1,0,0,1,0.448,65158,2.351,0.789,0.848,0.8489,,SYNTHETIC DATA — NOT REAL EDUONE DATA
attempt-0300,student-20,ex-04-06,PYTHON_FOR,PYTHON_IF_ELSE,2026-07-11T05:57:27.439756+00:00,1,0,0,2,0.791,29840,0.189,0.889,0.879,0.503,,SYNTHETIC DATA — NOT REAL EDUONE DATA
attempt-0301,student-01,ex-07-03,PYTHON_LISTS,,2026-07-11T08:09:33.168818+00:00,1,0,0,1,0.42,17201,3.824,0.957,0.847,0.8811,,SYNTHETIC DATA — NOT REAL EDUONE DATA
attempt-0302,student-02,ex-03-05,PYTHON_IF_ELSE,,2026-07-11T12:33:21.153682+00:00,1,0,0,1,0.674,38543,3.888,0.762,0.88,0.7552,,SYNTHETIC DATA — NOT REAL EDUONE DATA
attempt-0303,student-03,ex-06-04,PYTHON_WHILE,,2026-07-11T15:03:01.523351+00:00,1,0,0,3,0.529,23614,0.763,0.513,0.588,0.4032,,SYNTHETIC DATA — NOT REAL EDUONE DATA
attempt-0304,student-04,ex-06-06,PYTHON_WHILE,PYTHON_RANGE,2026-07-11T17:45:44.555431+00:00,0,0,0,2,0.752,42915,4.419,0.1,0.2,0.241,WHILE_VARIABLE_NOT_UPDATED,SYNTHETIC DATA — NOT REAL EDUONE DATA
attempt-0305,student-05,ex-07-02,PYTHON_LISTS,,2026-07-11T21:45:06.468628+00:00,1,0,1,1,0.309,21935,3.609,0.261,0.357,0.4974,,SYNTHETIC DATA — NOT REAL EDUONE DATA
attempt-0306,student-06,ex-02-01,PYTHON_OPERATORS,,2026-07-12T00:09:54.113741+00:00,1,0,0,1,0.198,10214,0.475,0.784,0.856,0.959,,SYNTHETIC DATA — NOT REAL EDUONE DATA
attempt-0307,student-07,ex-06-03,PYTHON_WHILE,,2026-07-12T03:51:38.011933+00:00,1,0,0,1,0.448,31756,0.74,0.712,0.595,0.7411,,SYNTHETIC DATA — NOT REAL EDUONE DATA
attempt-0308,student-08,ex-08-04,PYTHON_FUNCTIONS,,2026-07-12T07:12:32.859406+00:00,1,0,0,2,0.571,21130,3.167,0.673,0.815,0.4887,,SYNTHETIC DATA — NOT REAL EDUONE DATA
attempt-0309,student-10,ex-08-02,PYTHON_FUNCTIONS,,2026-07-12T10:03:55.839874+00:00,1,0,1,1,0.326,4473,1.284,0.709,0.755,0.8274,,SYNTHETIC DATA — NOT REAL EDUONE DATA
attempt-0310,student-10,ex-02-06,PYTHON_OPERATORS,PYTHON_VARIABLES,2026-07-12T13:13:06.928994+00:00,0,0,0,2,0.78,14268,4.685,0.753,0.672,0.3994,BOOLEAN_LOGIC_CONFUSION,SYNTHETIC DATA — NOT REAL EDUONE DATA
attempt-0311,student-11,ex-05-01,PYTHON_RANGE,,2026-07-12T17:03:52.050108+00:00,1,0,0,3,0.219,17541,1.627,0.814,0.862,0.878,,SYNTHETIC DATA — NOT REAL EDUONE DATA
attempt-0312,student-12,ex-02-03,PYTHON_OPERATORS,,2026-07-12T20:17:52.046552+00:00,1,0,0,2,0.462,31787,4.94,0.81,0.759,0.7265,,SYNTHETIC DATA — NOT REAL EDUONE DATA
attempt-0313,student-13,ex-05-06,PYTHON_RANGE,PYTHON_FOR,2026-07-12T22:48:26.420810+00:00,0,0,1,1,0.766,29653,4.795,0.176,0.24,0.1221,,SYNTHETIC DATA — NOT REAL EDUONE DATA
attempt-0314,student-14,ex-02-06,PYTHON_OPERATORS,PYTHON_VARIABLES,2026-07-13T02:44:07.103821+00:00,0,0,0,1,0.78,52230,2.892,0.721,0.76,0.3422,BOOLEAN_LOGIC_CONFUSION,SYNTHETIC DATA — NOT REAL EDUONE DATA
attempt-0315,student-15,ex-05-01,PYTHON_RANGE,,2026-07-13T05:08:17.947548+00:00,0,0,0,1,0.219,23558,0.793,0.433,0.543,0.6136,RANGE_STOP_INCLUDED,SYNTHETIC DATA — NOT REAL EDUONE DATA
attempt-0316,student-16,ex-02-01,PYTHON_OPERATORS,,2026-07-13T09:24:41.544246+00:00,1,0,1,1,0.198,9944,2.766,0.654,0.576,0.8743,,SYNTHETIC DATA — NOT REAL EDUONE DATA
attempt-0317,student-17,ex-02-05,PYTHON_OPERATORS,,2026-07-13T13:03:48.083033+00:00,0,0,1,2,0.681,19850,2.144,0.632,0.794,0.4453,BOOLEAN_LOGIC_CONFUSION,SYNTHETIC DATA — NOT REAL EDUONE DATA
attempt-0318,student-18,ex-01-05,PYTHON_VARIABLES,,2026-07-13T15:47:11.978243+00:00,1,0,0,2,0.664,39927,3.294,0.752,0.657,0.5676,,SYNTHETIC DATA — NOT REAL EDUONE DATA
attempt-0319,student-19,ex-07-02,PYTHON_LISTS,,2026-07-13T18:12:05.551879+00:00,1,0,0,1,0.309,16239,0.625,0.634,0.657,0.9018,,SYNTHETIC DATA — NOT REAL EDUONE DATA
attempt-0320,student-20,ex-03-02,PYTHON_IF_ELSE,,2026-07-13T21:37:24.542271+00:00,0,0,0,1,0.337,62815,3.927,1.0,0.96,0.909,IF_INDENTATION_ERROR,SYNTHETIC DATA — NOT REAL EDUONE DATA
attempt-0321,student-01,ex-04-02,PYTHON_FOR,,2026-07-14T01:39:39.665003+00:00,0,0,0,1,0.35,3786,2.496,0.65,0.817,0.8594,FOR_ITERATION_COUNT,SYNTHETIC DATA — NOT REAL EDUONE DATA
attempt-0322,student-02,ex-05-06,PYTHON_RANGE,PYTHON_FOR,2026-07-14T04:51:32.679870+00:00,1,0,0,2,0.766,61289,2.694,0.568,0.729,0.4148,,SYNTHETIC DATA — NOT REAL EDUONE DATA
attempt-0323,student-03,ex-07-06,PYTHON_LISTS,PYTHON_WHILE,2026-07-14T06:42:30.515684+00:00,0,0,1,1,0.783,39118,2.649,0.475,0.572,0.5797,LIST_INDEX_STARTS_AT_ONE,SYNTHETIC DATA — NOT REAL EDUONE DATA
attempt-0324,student-04,ex-08-06,PYTHON_FUNCTIONS,PYTHON_LISTS,2026-07-14T11:33:15.996298+00:00,1,0,0,1,0.792,52343,3.666,0.753,0.791,0.5892,,SYNTHETIC DATA — NOT REAL EDUONE DATA
attempt-0325,student-05,ex-07-05,PYTHON_LISTS,,2026-07-14T14:38:17.033577+00:00,0,0,0,2,0.666,14142,2.449,0.337,0.357,0.1462,LIST_INDEX_STARTS_AT_ONE,SYNTHETIC DATA — NOT REAL EDUONE DATA
attempt-0326,student-06,ex-03-06,PYTHON_IF_ELSE,PYTHON_OPERATORS,2026-07-14T16:44:29.948678+00:00,0,0,1,1,0.781,26277,3.21,0.641,0.739,0.7221,IF_INDENTATION_ERROR,SYNTHETIC DATA — NOT REAL EDUONE DATA
attempt-0327,student-07,ex-03-03,PYTHON_IF_ELSE,,2026-07-14T21:02:37.354402+00:00,0,0,0,1,0.421,30095,1.11,0.418,0.469,0.3041,,SYNTHETIC DATA — NOT REAL EDUONE DATA
attempt-0328,student-08,ex-04-05,PYTHON_FOR,,2026-07-14T23:08:29.612423+00:00,1,0,0,1,0.637,87833,15.847,0.805,0.703,0.7218,,SYNTHETIC DATA — NOT REAL EDUONE DATA
attempt-0329,student-10,ex-04-03,PYTHON_FOR,,2026-07-15T03:12:17.920895+00:00,1,0,0,2,0.427,26257,2.356,0.724,0.734,0.9313,,SYNTHETIC DATA — NOT REAL EDUONE DATA
attempt-0330,student-10,ex-05-03,PYTHON_RANGE,,2026-07-15T05:50:15.956486+00:00,1,0,0,1,0.427,14364,2.975,0.597,0.638,0.7593,,SYNTHETIC DATA — NOT REAL EDUONE DATA
attempt-0331,student-11,ex-08-01,PYTHON_FUNCTIONS,,2026-07-15T08:39:42.967329+00:00,1,0,0,2,0.229,13804,4.379,0.837,0.96,0.9393,,SYNTHETIC DATA — NOT REAL EDUONE DATA
attempt-0332,student-12,ex-06-04,PYTHON_WHILE,,2026-07-15T11:18:10.706676+00:00,0,0,1,2,0.529,60376,3.283,0.796,0.706,0.6829,WHILE_VARIABLE_NOT_UPDATED,SYNTHETIC DATA — NOT REAL EDUONE DATA
attempt-0333,student-13,ex-07-04,PYTHON_LISTS,,2026-07-15T15:00:46.766937+00:00,1,0,1,2,0.536,22421,3.665,0.675,0.828,0.7419,,SYNTHETIC DATA — NOT REAL EDUONE DATA
attempt-0334,student-14,ex-04-04,PYTHON_FOR,,2026-07-15T18:08:06.961879+00:00,1,0,0,1,0.533,27332,3.202,0.731,0.761,0.7513,,SYNTHETIC DATA — NOT REAL EDUONE DATA
attempt-0335,student-15,ex-05-03,PYTHON_RANGE,,2026-07-15T20:54:27.605020+00:00,0,0,0,2,0.427,14245,1.339,0.366,0.543,0.5627,,SYNTHETIC DATA — NOT REAL EDUONE DATA
attempt-0336,student-16,ex-01-01,PYTHON_VARIABLES,,2026-07-16T00:53:53.123755+00:00,0,0,1,1,0.244,14169,1.917,0.393,0.359,0.355,VARIABLE_UPDATE_ORDER,SYNTHETIC DATA — NOT REAL EDUONE DATA
attempt-0337,student-17,ex-07-06,PYTHON_LISTS,PYTHON_WHILE,2026-07-16T03:15:43.162258+00:00,1,0,1,1,0.783,25628,1.446,0.709,0.868,0.9217,,SYNTHETIC DATA — NOT REAL EDUONE DATA
attempt-0338,student-18,ex-03-06,PYTHON_IF_ELSE,PYTHON_OPERATORS,2026-07-16T07:34:47.394981+00:00,0,0,0,1,0.781,44695,28.374,0.821,0.812,0.3576,IF_INDENTATION_ERROR,SYNTHETIC DATA — NOT REAL EDUONE DATA
attempt-0339,student-20,ex-06-02,PYTHON_WHILE,,2026-07-16T09:59:22.356832+00:00,1,0,0,2,0.331,32985,2.037,0.839,0.848,0.8538,,SYNTHETIC DATA — NOT REAL EDUONE DATA
attempt-0340,student-20,ex-06-05,PYTHON_WHILE,,2026-07-16T12:58:17.222891+00:00,1,0,0,3,0.641,260000,0.755,0.734,0.848,0.6904,,SYNTHETIC DATA — NOT REAL EDUONE DATA
attempt-0341,student-01,ex-08-01,PYTHON_FUNCTIONS,,2026-07-16T17:19:06.400738+00:00,1,0,1,1,0.229,18696,0.466,0.731,0.888,0.9227,,SYNTHETIC DATA — NOT REAL EDUONE DATA
attempt-0342,student-02,ex-05-02,PYTHON_RANGE,,2026-07-16T20:20:31.222620+00:00,0,0,0,3,0.324,30104,1.362,0.587,0.729,0.8042,RANGE_STOP_INCLUDED,SYNTHETIC DATA — NOT REAL EDUONE DATA
attempt-0343,student-03,ex-06-06,PYTHON_WHILE,PYTHON_RANGE,2026-07-17T00:04:01.132307+00:00,1,0,0,3,0.752,46634,2.446,0.684,0.588,0.4659,,SYNTHETIC DATA — NOT REAL EDUONE DATA
attempt-0344,student-04,ex-02-06,PYTHON_OPERATORS,PYTHON_VARIABLES,2026-07-17T02:41:03.664399+00:00,0,0,0,1,0.78,27241,1.897,0.651,0.795,0.3263,BOOLEAN_LOGIC_CONFUSION,SYNTHETIC DATA — NOT REAL EDUONE DATA
attempt-0345,student-05,ex-02-05,PYTHON_OPERATORS,,2026-07-17T06:14:35.850709+00:00,0,0,0,2,0.681,23593,1.793,0.1,0.26,0.1615,BOOLEAN_LOGIC_CONFUSION,SYNTHETIC DATA — NOT REAL EDUONE DATA
attempt-0346,student-06,ex-03-02,PYTHON_IF_ELSE,,2026-07-17T09:44:31.123854+00:00,1,0,1,2,0.337,15665,3.145,0.615,0.739,0.7955,,SYNTHETIC DATA — NOT REAL EDUONE DATA
attempt-0347,student-07,ex-03-02,PYTHON_IF_ELSE,,2026-07-17T12:03:57.817129+00:00,0,0,0,2,0.337,28877,2.168,0.497,0.469,0.6217,,SYNTHETIC DATA — NOT REAL EDUONE DATA
attempt-0348,student-08,ex-03-04,PYTHON_IF_ELSE,,2026-07-17T14:51:48.976599+00:00,1,0,1,1,0.557,35714,16.858,0.733,0.759,0.4786,,SYNTHETIC DATA — NOT REAL EDUONE DATA
attempt-0349,student-09,ex-01-02,PYTHON_VARIABLES,,2026-07-17T18:02:24.636569+00:00,0,0,1,1,0.308,12875,3.031,0.567,0.521,0.6275,VARIABLE_UPDATE_ORDER,SYNTHETIC DATA — NOT REAL EDUONE DATA
attempt-0350,student-10,ex-06-06,PYTHON_WHILE,PYTHON_RANGE,2026-07-17T22:18:21.742776+00:00,1,0,1,2,0.752,25360,3.198,0.848,0.86,0.7163,,SYNTHETIC DATA — NOT REAL EDUONE DATA
attempt-0351,student-11,ex-08-03,PYTHON_FUNCTIONS,,2026-07-18T01:54:56.268828+00:00,1,0,0,2,0.442,32736,2.95,0.934,0.96,0.7906,,SYNTHETIC DATA — NOT REAL EDUONE DATA
attempt-0352,student-12,ex-02-06,PYTHON_OPERATORS,PYTHON_VARIABLES,2026-07-18T03:46:58.308958+00:00,1,0,0,2,0.78,41202,0.411,0.877,0.759,0.5243,,SYNTHETIC DATA — NOT REAL EDUONE DATA
attempt-0353,student-13,ex-04-02,PYTHON_FOR,,2026-07-18T07:35:18.684799+00:00,1,0,0,1,0.35,16358,0.325,0.676,0.686,0.8218,,SYNTHETIC DATA — NOT REAL EDUONE DATA
attempt-0354,student-14,ex-08-02,PYTHON_FUNCTIONS,,2026-07-18T10:38:45.270636+00:00,1,0,0,1,0.326,23138,4.738,0.812,0.81,0.8713,,SYNTHETIC DATA — NOT REAL EDUONE DATA
attempt-0355,student-15,ex-05-06,PYTHON_RANGE,PYTHON_FOR,2026-07-18T14:25:31.653672+00:00,0,0,1,3,0.766,29312,1.212,0.572,0.543,0.4459,RANGE_STOP_INCLUDED,SYNTHETIC DATA — NOT REAL EDUONE DATA
attempt-0356,student-16,ex-05-05,PYTHON_RANGE,,2026-07-18T17:59:28.645605+00:00,0,0,1,1,0.653,8499,3.617,0.346,0.371,0.2766,RANGE_STOP_INCLUDED,SYNTHETIC DATA — NOT REAL EDUONE DATA
attempt-0357,student-17,ex-06-04,PYTHON_WHILE,,2026-07-18T20:18:17.050467+00:00,1,0,1,2,0.529,26503,2.854,0.875,0.885,0.8071,,SYNTHETIC DATA — NOT REAL EDUONE DATA
attempt-0358,student-18,ex-08-01,PYTHON_FUNCTIONS,,2026-07-18T23:49:30.827781+00:00,1,0,1,1,0.229,20212,15.092,0.627,0.639,0.812,,SYNTHETIC DATA — NOT REAL EDUONE DATA
attempt-0359,student-20,ex-04-04,PYTHON_FOR,,2026-07-19T03:01:39.437539+00:00,0,0,0,3,0.533,38865,4.075,0.871,0.879,0.6765,,SYNTHETIC DATA — NOT REAL EDUONE DATA
attempt-0360,student-20,ex-03-06,PYTHON_IF_ELSE,PYTHON_OPERATORS,2026-07-19T05:48:34.152794+00:00,1,0,0,2,0.781,63892,4.544,0.882,0.96,0.7098,,SYNTHETIC DATA — NOT REAL EDUONE DATA
attempt-0361,student-01,ex-05-02,PYTHON_RANGE,,2026-07-19T09:25:11.852465+00:00,1,0,0,1,0.324,32428,0.394,0.792,0.748,0.8974,,SYNTHETIC DATA — NOT REAL EDUONE DATA
attempt-0362,student-02,ex-02-03,PYTHON_OPERATORS,,2026-07-19T11:55:14.758300+00:00,1,0,0,1,0.462,66247,1.805,0.962,0.916,0.8888,,SYNTHETIC DATA — NOT REAL EDUONE DATA
attempt-0363,student-03,ex-01-01,PYTHON_VARIABLES,,2026-07-19T15:46:42.922475+00:00,0,0,1,1,0.244,12915,2.3,0.581,0.642,0.7484,,SYNTHETIC DATA — NOT REAL EDUONE DATA
attempt-0364,student-04,ex-08-04,PYTHON_FUNCTIONS,,2026-07-19T19:05:32.333221+00:00,1,0,0,2,0.571,21915,1.687,0.636,0.791,0.5722,,SYNTHETIC DATA — NOT REAL EDUONE DATA
attempt-0365,student-05,ex-07-03,PYTHON_LISTS,,2026-07-19T21:34:36.660064+00:00,0,0,1,3,0.42,28829,2.526,0.445,0.357,0.2714,LIST_INDEX_STARTS_AT_ONE,SYNTHETIC DATA — NOT REAL EDUONE DATA
attempt-0366,student-06,ex-02-04,PYTHON_OPERATORS,,2026-07-20T00:50:49.432051+00:00,0,0,1,2,0.552,20557,0.959,0.684,0.856,0.7149,BOOLEAN_LOGIC_CONFUSION,SYNTHETIC DATA — NOT REAL EDUONE DATA
attempt-0367,student-07,ex-04-01,PYTHON_FOR,,2026-07-20T03:58:24.018116+00:00,1,0,0,2,0.218,37708,1.114,0.516,0.607,0.7363,,SYNTHETIC DATA — NOT REAL EDUONE DATA
attempt-0368,student-08,ex-03-01,PYTHON_IF_ELSE,,2026-07-20T06:54:03.575873+00:00,1,0,0,2,0.217,8011,20.488,0.846,0.759,0.8065,,SYNTHETIC DATA — NOT REAL EDUONE DATA
attempt-0369,student-10,ex-02-03,PYTHON_OPERATORS,,2026-07-20T10:24:33.793729+00:00,1,0,1,3,0.462,17534,4.92,0.645,0.672,0.709,,SYNTHETIC DATA — NOT REAL EDUONE DATA
attempt-0370,student-10,ex-03-05,PYTHON_IF_ELSE,,2026-07-20T14:27:17.391023+00:00,1,0,1,1,0.674,15008,0.605,0.746,0.793,0.6588,,SYNTHETIC DATA — NOT REAL EDUONE DATA
attempt-0371,student-11,ex-03-01,PYTHON_IF_ELSE,,2026-07-20T16:59:26.865294+00:00,1,0,1,1,0.217,25608,3.086,0.61,0.789,0.7726,,SYNTHETIC DATA — NOT REAL EDUONE DATA
attempt-0372,student-12,ex-07-05,PYTHON_LISTS,,2026-07-20T20:36:22.703097+00:00,0,0,0,2,0.666,41191,1.555,0.736,0.897,0.5473,,SYNTHETIC DATA — NOT REAL EDUONE DATA
attempt-0373,student-13,ex-08-02,PYTHON_FUNCTIONS,,2026-07-20T23:48:51.187913+00:00,1,0,1,1,0.326,9281,2.179,0.97,0.941,0.9162,,SYNTHETIC DATA — NOT REAL EDUONE DATA
attempt-0374,student-14,ex-01-04,PYTHON_VARIABLES,,2026-07-21T03:14:25.144713+00:00,0,0,0,1,0.543,22496,4.568,0.666,0.702,0.5963,,SYNTHETIC DATA — NOT REAL EDUONE DATA
attempt-0375,student-15,ex-04-04,PYTHON_FOR,,2026-07-21T05:28:14.322899+00:00,0,0,0,1,0.533,9194,2.382,0.703,0.6,0.6233,FOR_ITERATION_COUNT,SYNTHETIC DATA — NOT REAL EDUONE DATA
attempt-0376,student-16,ex-06-05,PYTHON_WHILE,,2026-07-21T08:23:44.889516+00:00,0,0,1,1,0.641,36752,0.111,0.43,0.532,0.328,WHILE_VARIABLE_NOT_UPDATED,SYNTHETIC DATA — NOT REAL EDUONE DATA
attempt-0377,student-17,ex-02-05,PYTHON_OPERATORS,,2026-07-21T12:52:06.358707+00:00,1,0,1,3,0.681,59120,0.682,0.72,0.794,0.6666,,SYNTHETIC DATA — NOT REAL EDUONE DATA
attempt-0378,student-18,ex-02-06,PYTHON_OPERATORS,PYTHON_VARIABLES,2026-07-21T16:15:28.028031+00:00,1,0,0,1,0.78,18643,29.81,0.7,0.685,0.3235,,SYNTHETIC DATA — NOT REAL EDUONE DATA
attempt-0379,student-19,ex-06-03,PYTHON_WHILE,,2026-07-21T19:04:49.533378+00:00,0,0,0,1,0.448,12137,0.823,0.802,0.811,0.6988,,SYNTHETIC DATA — NOT REAL EDUONE DATA
attempt-0380,student-20,ex-04-05,PYTHON_FOR,,2026-07-21T21:13:11.253958+00:00,1,0,0,3,0.637,37986,4.943,0.781,0.879,0.7608,,SYNTHETIC DATA — NOT REAL EDUONE DATA
attempt-0381,student-01,ex-04-06,PYTHON_FOR,PYTHON_IF_ELSE,2026-07-22T01:23:08.127108+00:00,1,0,1,2,0.791,30577,1.201,0.747,0.817,0.404,,SYNTHETIC DATA — NOT REAL EDUONE DATA
attempt-0382,student-02,ex-04-01,PYTHON_FOR,,2026-07-22T04:40:41.934257+00:00,1,0,0,1,0.218,60190,3.24,0.893,0.781,0.8565,,SYNTHETIC DATA — NOT REAL EDUONE DATA
attempt-0383,student-03,ex-08-01,PYTHON_FUNCTIONS,,2026-07-22T07:31:03.873899+00:00,1,0,1,1,0.229,16197,4.308,0.547,0.58,0.7361,,SYNTHETIC DATA — NOT REAL EDUONE DATA
attempt-0384,student-04,ex-06-03,PYTHON_WHILE,,2026-07-22T11:25:13.694568+00:00,0,0,0,3,0.448,30292,0.516,0.1,0.2,0.1379,WHILE_VARIABLE_NOT_UPDATED,SYNTHETIC DATA — NOT REAL EDUONE DATA
attempt-0385,student-05,ex-04-05,PYTHON_FOR,,2026-07-22T14:36:55.932995+00:00,0,0,0,1,0.637,21011,2.123,0.377,0.499,0.4056,FOR_ITERATION_COUNT,SYNTHETIC DATA — NOT REAL EDUONE DATA
attempt-0386,student-06,ex-01-01,PYTHON_VARIABLES,,2026-07-22T17:28:38.694141+00:00,1,0,1,1,0.244,9638,3.623,0.706,0.765,0.8205,,SYNTHETIC DATA — NOT REAL EDUONE DATA
attempt-0387,student-07,ex-06-02,PYTHON_WHILE,,2026-07-22T19:22:21.522654+00:00,0,0,0,2,0.331,51033,1.532,0.696,0.595,0.5096,WHILE_VARIABLE_NOT_UPDATED,SYNTHETIC DATA — NOT REAL EDUONE DATA
attempt-0388,student-08,ex-01-02,PYTHON_VARIABLES,,2026-07-22T22:59:14.776250+00:00,1,0,0,1,0.308,20296,3.455,0.771,0.664,0.8463,,SYNTHETIC DATA — NOT REAL EDUONE DATA
attempt-0389,student-10,ex-06-06,PYTHON_WHILE,PYTHON_RANGE,2026-07-23T02:58:45.867595+00:00,1,0,1,2,0.752,450,1.481,0.772,0.86,0.7817,,SYNTHETIC DATA — NOT REAL EDUONE DATA
attempt-0390,student-10,ex-02-03,PYTHON_OPERATORS,,2026-07-23T06:24:37.543089+00:00,0,1,1,4,0.462,23947,4.098,0.55,0.672,0.6503,,SYNTHETIC DATA — NOT REAL EDUONE DATA
attempt-0391,student-11,ex-03-02,PYTHON_IF_ELSE,,2026-07-23T08:49:06.272521+00:00,0,0,0,2,0.337,22736,1.932,0.701,0.789,0.8533,,SYNTHETIC DATA — NOT REAL EDUONE DATA
attempt-0392,student-12,ex-02-01,PYTHON_OPERATORS,,2026-07-23T12:11:25.961990+00:00,1,0,0,3,0.198,16148,3.08,0.642,0.759,0.8959,,SYNTHETIC DATA — NOT REAL EDUONE DATA
attempt-0393,student-13,ex-04-06,PYTHON_FOR,PYTHON_IF_ELSE,2026-07-23T16:19:02.526988+00:00,1,0,0,2,0.791,49336,0.772,0.797,0.686,0.5186,,SYNTHETIC DATA — NOT REAL EDUONE DATA
attempt-0394,student-14,ex-02-01,PYTHON_OPERATORS,,2026-07-23T19:24:17.308895+00:00,1,0,0,2,0.198,42994,0.188,0.669,0.76,0.8168,,SYNTHETIC DATA — NOT REAL EDUONE DATA
attempt-0395,student-15,ex-08-03,PYTHON_FUNCTIONS,,2026-07-23T22:27:23.284906+00:00,1,0,0,1,0.442,33038,2.942,0.416,0.473,0.5588,,SYNTHETIC DATA — NOT REAL EDUONE DATA
attempt-0396,student-16,ex-08-05,PYTHON_FUNCTIONS,,2026-07-24T01:22:22.615130+00:00,0,0,0,1,0.658,17779,4.224,0.584,0.61,0.624,FUNCTION_RETURN_VS_PRINT,SYNTHETIC DATA — NOT REAL EDUONE DATA
attempt-0397,student-17,ex-04-05,PYTHON_FOR,,2026-07-24T03:45:07.998838+00:00,0,0,0,1,0.637,25894,0.284,0.728,0.826,0.647,FOR_ITERATION_COUNT,SYNTHETIC DATA — NOT REAL EDUONE DATA
attempt-0398,student-18,ex-01-05,PYTHON_VARIABLES,,2026-07-24T06:53:12.420947+00:00,0,0,0,2,0.664,26910,3.895,0.538,0.657,0.371,VARIABLE_UPDATE_ORDER,SYNTHETIC DATA — NOT REAL EDUONE DATA
attempt-0399,student-20,ex-07-06,PYTHON_LISTS,PYTHON_WHILE,2026-07-24T11:34:47.953527+00:00,0,0,0,1,0.783,30383,3.69,0.88,0.941,0.6318,LIST_INDEX_STARTS_AT_ONE,SYNTHETIC DATA — NOT REAL EDUONE DATA
attempt-0400,student-20,ex-07-03,PYTHON_LISTS,,2026-07-24T12:58:25.812669+00:00,1,0,0,2,0.42,28848,4.335,0.817,0.941,0.7926,,SYNTHETIC DATA — NOT REAL EDUONE DATA
